"Código Indicador","Código Provincia","Provincia","Código Cantón","Cantón","País","Dimensión","Subcategoría","Indicador","Área","Sexo","Dato Numérico","Población","Dato Cualitativo","Año","Mes","Fuente","Unidad de medida","Grupo","ODS"
1016,"00","Total Nacional","0000","Total Nacional","Ecuador","Desplazamiento y migración","Flujos migratorios","Salida de ecuatorianos","Total","Hombre","62032","No Aplica","Salida de ciudadanos ecuatorianos.",2023,5,"INEC - Registro Estadístico de Entradas y Salidas Internacionales","Personas","Paz","ODS 5, 10, 16"
1016,"00","Total Nacional","0000","Total Nacional","Ecuador","Desplazamiento y migración","Flujos migratorios","Salida de ecuatorianos","Total","Mujer","65073","No Aplica","Salida de ciudadanos ecuatorianos.",2023,5,"INEC - Registro Estadístico de Entradas y Salidas Internacionales","Personas","Paz","ODS 5, 10, 16"
1016,"00","Total Nacional","0000","Total Nacional","Ecuador","Desplazamiento y migración","Flujos migratorios","Salida de ecuatorianos","Total","Total","127105","No Aplica","Salida de ciudadanos ecuatorianos.",2023,5,"INEC - Registro Estadístico de Entradas y Salidas Internacionales","Personas","Paz","ODS 5, 10, 16"
1016,"00","Total Nacional","0000","Total Nacional","Ecuador","Desplazamiento y migración","Flujos migratorios","Salida de ecuatorianos","Total","Hombre","68549","No Aplica","Salida de ciudadanos ecuatorianos.",2023,4,"INEC - Registro Estadístico de Entradas y Salidas Internacionales","Personas","Paz","ODS 5, 10, 16"
1016,"00","Total Nacional","0000","Total Nacional","Ecuador","Desplazamiento y migración","Flujos migratorios","Salida de ecuatorianos","Total","Mujer","72829","No Aplica","Salida de ciudadanos ecuatorianos.",2023,4,"INEC - Registro Estadístico de Entradas y Salidas Internacionales","Personas","Paz","ODS 5, 10, 16"
1016,"00","Total Nacional","0000","Total Nacional","Ecuador","Desplazamiento y migración","Flujos migratorios","Salida de ecuatorianos","Total","Total","141378","No Aplica","Salida de ciudadanos ecuatorianos.",2023,4,"INEC - Registro Estadístico de Entradas y Salidas Internacionales","Personas","Paz","ODS 5, 10, 16"
1016,"00","Total Nacional","0000","Total Nacional","Ecuador","Desplazamiento y migración","Flujos migratorios","Salida de ecuatorianos","Total","Hombre","68454","No Aplica","Salida de ciudadanos ecuatorianos.",2023,3,"INEC - Registro Estadístico de Entradas y Salidas Internacionales","Personas","Paz","ODS 5, 10, 16"
1016,"00","Total Nacional","0000","Total Nacional","Ecuador","Desplazamiento y migración","Flujos migratorios","Salida de ecuatorianos","Total","Mujer","71344","No Aplica","Salida de ciudadanos ecuatorianos.",2023,3,"INEC - Registro Estadístico de Entradas y Salidas Internacionales","Personas","Paz","ODS 5, 10, 16"
1016,"00","Total Nacional","0000","Total Nacional","Ecuador","Desplazamiento y migración","Flujos migratorios","Salida de ecuatorianos","Total","Total","139798","No Aplica","Salida de ciudadanos ecuatorianos.",2023,3,"INEC - Registro Estadístico de Entradas y Salidas Internacionales","Personas","Paz","ODS 5, 10, 16"
1016,"00","Total Nacional","0000","Total Nacional","Ecuador","Desplazamiento y migración","Flujos migratorios","Salida de ecuatorianos","Total","Hombre","57796","No Aplica","Salida de ciudadanos ecuatorianos.",2023,2,"INEC - Registro Estadístico de Entradas y Salidas Internacionales","Personas","Paz","ODS 5, 10, 16"
1016,"00","Total Nacional","0000","Total Nacional","Ecuador","Desplazamiento y migración","Flujos migratorios","Salida de ecuatorianos","Total","Mujer","58446","No Aplica","Salida de ciudadanos ecuatorianos.",2023,2,"INEC - Registro Estadístico de Entradas y Salidas Internacionales","Personas","Paz","ODS 5, 10, 16"
1016,"00","Total Nacional","0000","Total Nacional","Ecuador","Desplazamiento y migración","Flujos migratorios","Salida de ecuatorianos","Total","Total","116242","No Aplica","Salida de ciudadanos ecuatorianos.",2023,2,"INEC - Registro Estadístico de Entradas y Salidas Internacionales","Personas","Paz","ODS 5, 10, 16"
1016,"00","Total Nacional","0000","Total Nacional","Ecuador","Desplazamiento y migración","Flujos migratorios","Salida de ecuatorianos","Total","Hombre","52858","No Aplica","Salida de ciudadanos ecuatorianos.",2023,1,"INEC - Registro Estadístico de Entradas y Salidas Internacionales","Personas","Paz","ODS 5, 10, 16"
1016,"00","Total Nacional","0000","Total Nacional","Ecuador","Desplazamiento y migración","Flujos migratorios","Salida de ecuatorianos","Total","Mujer","49362","No Aplica","Salida de ciudadanos ecuatorianos.",2023,1,"INEC - Registro Estadístico de Entradas y Salidas Internacionales","Personas","Paz","ODS 5, 10, 16"
1016,"00","Total Nacional","0000","Total Nacional","Ecuador","Desplazamiento y migración","Flujos migratorios","Salida de ecuatorianos","Total","Total","102220","No Aplica","Salida de ciudadanos ecuatorianos.",2023,1,"INEC - Registro Estadístico de Entradas y Salidas Internacionales","Personas","Paz","ODS 5, 10, 16"
1016,"00","Total Nacional","0000","Total Nacional","Ecuador","Desplazamiento y migración","Flujos migratorios","Salida de ecuatorianos","Total","Hombre","115210","No Aplica","Salida de ciudadanos ecuatorianos.",2022,12,"INEC - Registro Estadístico de Entradas y Salidas Internacionales","Personas","Paz","ODS 5, 10, 16"
1016,"00","Total Nacional","0000","Total Nacional","Ecuador","Desplazamiento y migración","Flujos migratorios","Salida de ecuatorianos","Total","Mujer","118710","No Aplica","Salida de ciudadanos ecuatorianos.",2022,12,"INEC - Registro Estadístico de Entradas y Salidas Internacionales","Personas","Paz","ODS 5, 10, 16"
1016,"00","Total Nacional","0000","Total Nacional","Ecuador","Desplazamiento y migración","Flujos migratorios","Salida de ecuatorianos","Total","Total","233920","No Aplica","Salida de ciudadanos ecuatorianos.",2022,12,"INEC - Registro Estadístico de Entradas y Salidas Internacionales","Personas","Paz","ODS 5, 10, 16"
1016,"00","Total Nacional","0000","Total Nacional","Ecuador","Desplazamiento y migración","Flujos migratorios","Salida de ecuatorianos","Total","Hombre","77307","No Aplica","Salida de ciudadanos ecuatorianos.",2022,11,"INEC - Registro Estadístico de Entradas y Salidas Internacionales","Personas","Paz","ODS 5, 10, 16"
1016,"00","Total Nacional","0000","Total Nacional","Ecuador","Desplazamiento y migración","Flujos migratorios","Salida de ecuatorianos","Total","Mujer","79189","No Aplica","Salida de ciudadanos ecuatorianos.",2022,11,"INEC - Registro Estadístico de Entradas y Salidas Internacionales","Personas","Paz","ODS 5, 10, 16"
1016,"00","Total Nacional","0000","Total Nacional","Ecuador","Desplazamiento y migración","Flujos migratorios","Salida de ecuatorianos","Total","Total","156496","No Aplica","Salida de ciudadanos ecuatorianos.",2022,11,"INEC - Registro Estadístico de Entradas y Salidas Internacionales","Personas","Paz","ODS 5, 10, 16"
1016,"00","Total Nacional","0000","Total Nacional","Ecuador","Desplazamiento y migración","Flujos migratorios","Salida de ecuatorianos","Total","Hombre","71967","No Aplica","Salida de ciudadanos ecuatorianos.",2022,10,"INEC - Registro Estadístico de Entradas y Salidas Internacionales","Personas","Paz","ODS 5, 10, 16"
1016,"00","Total Nacional","0000","Total Nacional","Ecuador","Desplazamiento y migración","Flujos migratorios","Salida de ecuatorianos","Total","Mujer","71152","No Aplica","Salida de ciudadanos ecuatorianos.",2022,10,"INEC - Registro Estadístico de Entradas y Salidas Internacionales","Personas","Paz","ODS 5, 10, 16"
1016,"00","Total Nacional","0000","Total Nacional","Ecuador","Desplazamiento y migración","Flujos migratorios","Salida de ecuatorianos","Total","Total","143119","No Aplica","Salida de ciudadanos ecuatorianos.",2022,10,"INEC - Registro Estadístico de Entradas y Salidas Internacionales","Personas","Paz","ODS 5, 10, 16"
1016,"00","Total Nacional","0000","Total Nacional","Ecuador","Desplazamiento y migración","Flujos migratorios","Salida de ecuatorianos","Total","Hombre","70890","No Aplica","Salida de ciudadanos ecuatorianos.",2022,9,"INEC - Registro Estadístico de Entradas y Salidas Internacionales","Personas","Paz","ODS 5, 10, 16"
1016,"00","Total Nacional","0000","Total Nacional","Ecuador","Desplazamiento y migración","Flujos migratorios","Salida de ecuatorianos","Total","Mujer","72576","No Aplica","Salida de ciudadanos ecuatorianos.",2022,9,"INEC - Registro Estadístico de Entradas y Salidas Internacionales","Personas","Paz","ODS 5, 10, 16"
1016,"00","Total Nacional","0000","Total Nacional","Ecuador","Desplazamiento y migración","Flujos migratorios","Salida de ecuatorianos","Total","Total","143466","No Aplica","Salida de ciudadanos ecuatorianos.",2022,9,"INEC - Registro Estadístico de Entradas y Salidas Internacionales","Personas","Paz","ODS 5, 10, 16"
1016,"00","Total Nacional","0000","Total Nacional","Ecuador","Desplazamiento y migración","Flujos migratorios","Salida de ecuatorianos","Total","Hombre","68600","No Aplica","Salida de ciudadanos ecuatorianos.",2022,8,"INEC - Registro Estadístico de Entradas y Salidas Internacionales","Personas","Paz","ODS 5, 10, 16"
1016,"00","Total Nacional","0000","Total Nacional","Ecuador","Desplazamiento y migración","Flujos migratorios","Salida de ecuatorianos","Total","Mujer","74136","No Aplica","Salida de ciudadanos ecuatorianos.",2022,8,"INEC - Registro Estadístico de Entradas y Salidas Internacionales","Personas","Paz","ODS 5, 10, 16"
1016,"00","Total Nacional","0000","Total Nacional","Ecuador","Desplazamiento y migración","Flujos migratorios","Salida de ecuatorianos","Total","Total","142736","No Aplica","Salida de ciudadanos ecuatorianos.",2022,8,"INEC - Registro Estadístico de Entradas y Salidas Internacionales","Personas","Paz","ODS 5, 10, 16"
1016,"00","Total Nacional","0000","Total Nacional","Ecuador","Desplazamiento y migración","Flujos migratorios","Salida de ecuatorianos","Total","Hombre","52191","No Aplica","Salida de ciudadanos ecuatorianos.",2022,7,"INEC - Registro Estadístico de Entradas y Salidas Internacionales","Personas","Paz","ODS 5, 10, 16"
1016,"00","Total Nacional","0000","Total Nacional","Ecuador","Desplazamiento y migración","Flujos migratorios","Salida de ecuatorianos","Total","Mujer","55097","No Aplica","Salida de ciudadanos ecuatorianos.",2022,7,"INEC - Registro Estadístico de Entradas y Salidas Internacionales","Personas","Paz","ODS 5, 10, 16"
1016,"00","Total Nacional","0000","Total Nacional","Ecuador","Desplazamiento y migración","Flujos migratorios","Salida de ecuatorianos","Total","Total","107288","No Aplica","Salida de ciudadanos ecuatorianos.",2022,7,"INEC - Registro Estadístico de Entradas y Salidas Internacionales","Personas","Paz","ODS 5, 10, 16"
1016,"00","Total Nacional","0000","Total Nacional","Ecuador","Desplazamiento y migración","Flujos migratorios","Salida de ecuatorianos","Total","Hombre","39228","No Aplica","Salida de ciudadanos ecuatorianos.",2022,6,"INEC - Registro Estadístico de Entradas y Salidas Internacionales","Personas","Paz","ODS 5, 10, 16"
1016,"00","Total Nacional","0000","Total Nacional","Ecuador","Desplazamiento y migración","Flujos migratorios","Salida de ecuatorianos","Total","Mujer","40072","No Aplica","Salida de ciudadanos ecuatorianos.",2022,6,"INEC - Registro Estadístico de Entradas y Salidas Internacionales","Personas","Paz","ODS 5, 10, 16"
1016,"00","Total Nacional","0000","Total Nacional","Ecuador","Desplazamiento y migración","Flujos migratorios","Salida de ecuatorianos","Total","Total","79300","No Aplica","Salida de ciudadanos ecuatorianos.",2022,6,"INEC - Registro Estadístico de Entradas y Salidas Internacionales","Personas","Paz","ODS 5, 10, 16"
1016,"00","Total Nacional","0000","Total Nacional","Ecuador","Desplazamiento y migración","Flujos migratorios","Salida de ecuatorianos","Total","Hombre","52068","No Aplica","Salida de ciudadanos ecuatorianos.",2022,5,"INEC - Registro Estadístico de Entradas y Salidas Internacionales","Personas","Paz","ODS 5, 10, 16"
1016,"00","Total Nacional","0000","Total Nacional","Ecuador","Desplazamiento y migración","Flujos migratorios","Salida de ecuatorianos","Total","Mujer","54208","No Aplica","Salida de ciudadanos ecuatorianos.",2022,5,"INEC - Registro Estadístico de Entradas y Salidas Internacionales","Personas","Paz","ODS 5, 10, 16"
1016,"00","Total Nacional","0000","Total Nacional","Ecuador","Desplazamiento y migración","Flujos migratorios","Salida de ecuatorianos","Total","Total","106276","No Aplica","Salida de ciudadanos ecuatorianos.",2022,5,"INEC - Registro Estadístico de Entradas y Salidas Internacionales","Personas","Paz","ODS 5, 10, 16"
1016,"00","Total Nacional","0000","Total Nacional","Ecuador","Desplazamiento y migración","Flujos migratorios","Salida de ecuatorianos","Total","Hombre","54189","No Aplica","Salida de ciudadanos ecuatorianos.",2022,4,"INEC - Registro Estadístico de Entradas y Salidas Internacionales","Personas","Paz","ODS 5, 10, 16"
1016,"00","Total Nacional","0000","Total Nacional","Ecuador","Desplazamiento y migración","Flujos migratorios","Salida de ecuatorianos","Total","Mujer","58239","No Aplica","Salida de ciudadanos ecuatorianos.",2022,4,"INEC - Registro Estadístico de Entradas y Salidas Internacionales","Personas","Paz","ODS 5, 10, 16"
1016,"00","Total Nacional","0000","Total Nacional","Ecuador","Desplazamiento y migración","Flujos migratorios","Salida de ecuatorianos","Total","Total","112428","No Aplica","Salida de ciudadanos ecuatorianos.",2022,4,"INEC - Registro Estadístico de Entradas y Salidas Internacionales","Personas","Paz","ODS 5, 10, 16"
1016,"00","Total Nacional","0000","Total Nacional","Ecuador","Desplazamiento y migración","Flujos migratorios","Salida de ecuatorianos","Total","Hombre","52396","No Aplica","Salida de ciudadanos ecuatorianos.",2022,3,"INEC - Registro Estadístico de Entradas y Salidas Internacionales","Personas","Paz","ODS 5, 10, 16"
1016,"00","Total Nacional","0000","Total Nacional","Ecuador","Desplazamiento y migración","Flujos migratorios","Salida de ecuatorianos","Total","Mujer","52192","No Aplica","Salida de ciudadanos ecuatorianos.",2022,3,"INEC - Registro Estadístico de Entradas y Salidas Internacionales","Personas","Paz","ODS 5, 10, 16"
1016,"00","Total Nacional","0000","Total Nacional","Ecuador","Desplazamiento y migración","Flujos migratorios","Salida de ecuatorianos","Total","Total","104588","No Aplica","Salida de ciudadanos ecuatorianos.",2022,3,"INEC - Registro Estadístico de Entradas y Salidas Internacionales","Personas","Paz","ODS 5, 10, 16"
1016,"00","Total Nacional","0000","Total Nacional","Ecuador","Desplazamiento y migración","Flujos migratorios","Salida de ecuatorianos","Total","Hombre","39077","No Aplica","Salida de ciudadanos ecuatorianos.",2022,2,"INEC - Registro Estadístico de Entradas y Salidas Internacionales","Personas","Paz","ODS 5, 10, 16"
1016,"00","Total Nacional","0000","Total Nacional","Ecuador","Desplazamiento y migración","Flujos migratorios","Salida de ecuatorianos","Total","Mujer","40279","No Aplica","Salida de ciudadanos ecuatorianos.",2022,2,"INEC - Registro Estadístico de Entradas y Salidas Internacionales","Personas","Paz","ODS 5, 10, 16"
1016,"00","Total Nacional","0000","Total Nacional","Ecuador","Desplazamiento y migración","Flujos migratorios","Salida de ecuatorianos","Total","Total","79356","No Aplica","Salida de ciudadanos ecuatorianos.",2022,2,"INEC - Registro Estadístico de Entradas y Salidas Internacionales","Personas","Paz","ODS 5, 10, 16"
1016,"00","Total Nacional","0000","Total Nacional","Ecuador","Desplazamiento y migración","Flujos migratorios","Salida de ecuatorianos","Total","Hombre","34415","No Aplica","Salida de ciudadanos ecuatorianos.",2022,1,"INEC - Registro Estadístico de Entradas y Salidas Internacionales","Personas","Paz","ODS 5, 10, 16"
1016,"00","Total Nacional","0000","Total Nacional","Ecuador","Desplazamiento y migración","Flujos migratorios","Salida de ecuatorianos","Total","Mujer","31214","No Aplica","Salida de ciudadanos ecuatorianos.",2022,1,"INEC - Registro Estadístico de Entradas y Salidas Internacionales","Personas","Paz","ODS 5, 10, 16"
1016,"00","Total Nacional","0000","Total Nacional","Ecuador","Desplazamiento y migración","Flujos migratorios","Salida de ecuatorianos","Total","Total","65629","No Aplica","Salida de ciudadanos ecuatorianos.",2022,1,"INEC - Registro Estadístico de Entradas y Salidas Internacionales","Personas","Paz","ODS 5, 10, 16"
1016,"00","Total Nacional","0000","Total Nacional","Ecuador","Desplazamiento y migración","Flujos migratorios","Salida de ecuatorianos","Total","Hombre","35821","No Aplica","Salida de ciudadanos ecuatorianos.",2021,12,"INEC - Registro Estadístico de Entradas y Salidas Internacionales","Personas","Paz","ODS 5, 10, 16"
1016,"00","Total Nacional","0000","Total Nacional","Ecuador","Desplazamiento y migración","Flujos migratorios","Salida de ecuatorianos","Total","Mujer","38839","No Aplica","Salida de ciudadanos ecuatorianos.",2021,12,"INEC - Registro Estadístico de Entradas y Salidas Internacionales","Personas","Paz","ODS 5, 10, 16"
1016,"00","Total Nacional","0000","Total Nacional","Ecuador","Desplazamiento y migración","Flujos migratorios","Salida de ecuatorianos","Total","Total","74660","No Aplica","Salida de ciudadanos ecuatorianos.",2021,12,"INEC - Registro Estadístico de Entradas y Salidas Internacionales","Personas","Paz","ODS 5, 10, 16"
1016,"00","Total Nacional","0000","Total Nacional","Ecuador","Desplazamiento y migración","Flujos migratorios","Salida de ecuatorianos","Total","Hombre","38363","No Aplica","Salida de ciudadanos ecuatorianos.",2021,11,"INEC - Registro Estadístico de Entradas y Salidas Internacionales","Personas","Paz","ODS 5, 10, 16"
1016,"00","Total Nacional","0000","Total Nacional","Ecuador","Desplazamiento y migración","Flujos migratorios","Salida de ecuatorianos","Total","Mujer","42955","No Aplica","Salida de ciudadanos ecuatorianos.",2021,11,"INEC - Registro Estadístico de Entradas y Salidas Internacionales","Personas","Paz","ODS 5, 10, 16"
1016,"00","Total Nacional","0000","Total Nacional","Ecuador","Desplazamiento y migración","Flujos migratorios","Salida de ecuatorianos","Total","Total","81318","No Aplica","Salida de ciudadanos ecuatorianos.",2021,11,"INEC - Registro Estadístico de Entradas y Salidas Internacionales","Personas","Paz","ODS 5, 10, 16"
1016,"00","Total Nacional","0000","Total Nacional","Ecuador","Desplazamiento y migración","Flujos migratorios","Salida de ecuatorianos","Total","Hombre","41136","No Aplica","Salida de ciudadanos ecuatorianos.",2021,10,"INEC - Registro Estadístico de Entradas y Salidas Internacionales","Personas","Paz","ODS 5, 10, 16"
1016,"00","Total Nacional","0000","Total Nacional","Ecuador","Desplazamiento y migración","Flujos migratorios","Salida de ecuatorianos","Total","Mujer","46771","No Aplica","Salida de ciudadanos ecuatorianos.",2021,10,"INEC - Registro Estadístico de Entradas y Salidas Internacionales","Personas","Paz","ODS 5, 10, 16"
1016,"00","Total Nacional","0000","Total Nacional","Ecuador","Desplazamiento y migración","Flujos migratorios","Salida de ecuatorianos","Total","Total","87907","No Aplica","Salida de ciudadanos ecuatorianos.",2021,10,"INEC - Registro Estadístico de Entradas y Salidas Internacionales","Personas","Paz","ODS 5, 10, 16"
1016,"00","Total Nacional","0000","Total Nacional","Ecuador","Desplazamiento y migración","Flujos migratorios","Salida de ecuatorianos","Total","Hombre","41139","No Aplica","Salida de ciudadanos ecuatorianos.",2021,9,"INEC - Registro Estadístico de Entradas y Salidas Internacionales","Personas","Paz","ODS 5, 10, 16"
1016,"00","Total Nacional","0000","Total Nacional","Ecuador","Desplazamiento y migración","Flujos migratorios","Salida de ecuatorianos","Total","Mujer","45784","No Aplica","Salida de ciudadanos ecuatorianos.",2021,9,"INEC - Registro Estadístico de Entradas y Salidas Internacionales","Personas","Paz","ODS 5, 10, 16"
1016,"00","Total Nacional","0000","Total Nacional","Ecuador","Desplazamiento y migración","Flujos migratorios","Salida de ecuatorianos","Total","Total","86923","No Aplica","Salida de ciudadanos ecuatorianos.",2021,9,"INEC - Registro Estadístico de Entradas y Salidas Internacionales","Personas","Paz","ODS 5, 10, 16"
1016,"00","Total Nacional","0000","Total Nacional","Ecuador","Desplazamiento y migración","Flujos migratorios","Salida de ecuatorianos","Total","Hombre","46811","No Aplica","Salida de ciudadanos ecuatorianos.",2021,8,"INEC - Registro Estadístico de Entradas y Salidas Internacionales","Personas","Paz","ODS 5, 10, 16"
1016,"00","Total Nacional","0000","Total Nacional","Ecuador","Desplazamiento y migración","Flujos migratorios","Salida de ecuatorianos","Total","Mujer","51309","No Aplica","Salida de ciudadanos ecuatorianos.",2021,8,"INEC - Registro Estadístico de Entradas y Salidas Internacionales","Personas","Paz","ODS 5, 10, 16"
1016,"00","Total Nacional","0000","Total Nacional","Ecuador","Desplazamiento y migración","Flujos migratorios","Salida de ecuatorianos","Total","Total","98120","No Aplica","Salida de ciudadanos ecuatorianos.",2021,8,"INEC - Registro Estadístico de Entradas y Salidas Internacionales","Personas","Paz","ODS 5, 10, 16"
1016,"00","Total Nacional","0000","Total Nacional","Ecuador","Desplazamiento y migración","Flujos migratorios","Salida de ecuatorianos","Total","Hombre","42602","No Aplica","Salida de ciudadanos ecuatorianos.",2021,7,"INEC - Registro Estadístico de Entradas y Salidas Internacionales","Personas","Paz","ODS 5, 10, 16"
1016,"00","Total Nacional","0000","Total Nacional","Ecuador","Desplazamiento y migración","Flujos migratorios","Salida de ecuatorianos","Total","Mujer","44713","No Aplica","Salida de ciudadanos ecuatorianos.",2021,7,"INEC - Registro Estadístico de Entradas y Salidas Internacionales","Personas","Paz","ODS 5, 10, 16"
1016,"00","Total Nacional","0000","Total Nacional","Ecuador","Desplazamiento y migración","Flujos migratorios","Salida de ecuatorianos","Total","Total","87315","No Aplica","Salida de ciudadanos ecuatorianos.",2021,7,"INEC - Registro Estadístico de Entradas y Salidas Internacionales","Personas","Paz","ODS 5, 10, 16"
1016,"00","Total Nacional","0000","Total Nacional","Ecuador","Desplazamiento y migración","Flujos migratorios","Salida de ecuatorianos","Total","Hombre","39641","No Aplica","Salida de ciudadanos ecuatorianos.",2021,6,"INEC - Registro Estadístico de Entradas y Salidas Internacionales","Personas","Paz","ODS 5, 10, 16"
1016,"00","Total Nacional","0000","Total Nacional","Ecuador","Desplazamiento y migración","Flujos migratorios","Salida de ecuatorianos","Total","Mujer","40497","No Aplica","Salida de ciudadanos ecuatorianos.",2021,6,"INEC - Registro Estadístico de Entradas y Salidas Internacionales","Personas","Paz","ODS 5, 10, 16"
1016,"00","Total Nacional","0000","Total Nacional","Ecuador","Desplazamiento y migración","Flujos migratorios","Salida de ecuatorianos","Total","Total","80138","No Aplica","Salida de ciudadanos ecuatorianos.",2021,6,"INEC - Registro Estadístico de Entradas y Salidas Internacionales","Personas","Paz","ODS 5, 10, 16"
1016,"00","Total Nacional","0000","Total Nacional","Ecuador","Desplazamiento y migración","Flujos migratorios","Salida de ecuatorianos","Total","Hombre","39823","No Aplica","Salida de ciudadanos ecuatorianos.",2021,5,"INEC - Registro Estadístico de Entradas y Salidas Internacionales","Personas","Paz","ODS 5, 10, 16"
1016,"00","Total Nacional","0000","Total Nacional","Ecuador","Desplazamiento y migración","Flujos migratorios","Salida de ecuatorianos","Total","Mujer","38443","No Aplica","Salida de ciudadanos ecuatorianos.",2021,5,"INEC - Registro Estadístico de Entradas y Salidas Internacionales","Personas","Paz","ODS 5, 10, 16"
1016,"00","Total Nacional","0000","Total Nacional","Ecuador","Desplazamiento y migración","Flujos migratorios","Salida de ecuatorianos","Total","Total","78266","No Aplica","Salida de ciudadanos ecuatorianos.",2021,5,"INEC - Registro Estadístico de Entradas y Salidas Internacionales","Personas","Paz","ODS 5, 10, 16"
1016,"00","Total Nacional","0000","Total Nacional","Ecuador","Desplazamiento y migración","Flujos migratorios","Salida de ecuatorianos","Total","Hombre","29859","No Aplica","Salida de ciudadanos ecuatorianos.",2021,4,"INEC - Registro Estadístico de Entradas y Salidas Internacionales","Personas","Paz","ODS 5, 10, 16"
1016,"00","Total Nacional","0000","Total Nacional","Ecuador","Desplazamiento y migración","Flujos migratorios","Salida de ecuatorianos","Total","Mujer","28014","No Aplica","Salida de ciudadanos ecuatorianos.",2021,4,"INEC - Registro Estadístico de Entradas y Salidas Internacionales","Personas","Paz","ODS 5, 10, 16"
1016,"00","Total Nacional","0000","Total Nacional","Ecuador","Desplazamiento y migración","Flujos migratorios","Salida de ecuatorianos","Total","Total","57873","No Aplica","Salida de ciudadanos ecuatorianos.",2021,4,"INEC - Registro Estadístico de Entradas y Salidas Internacionales","Personas","Paz","ODS 5, 10, 16"
1016,"00","Total Nacional","0000","Total Nacional","Ecuador","Desplazamiento y migración","Flujos migratorios","Salida de ecuatorianos","Total","Hombre","28041","No Aplica","Salida de ciudadanos ecuatorianos.",2021,3,"INEC - Registro Estadístico de Entradas y Salidas Internacionales","Personas","Paz","ODS 5, 10, 16"
1016,"00","Total Nacional","0000","Total Nacional","Ecuador","Desplazamiento y migración","Flujos migratorios","Salida de ecuatorianos","Total","Mujer","26069","No Aplica","Salida de ciudadanos ecuatorianos.",2021,3,"INEC - Registro Estadístico de Entradas y Salidas Internacionales","Personas","Paz","ODS 5, 10, 16"
1016,"00","Total Nacional","0000","Total Nacional","Ecuador","Desplazamiento y migración","Flujos migratorios","Salida de ecuatorianos","Total","Total","54110","No Aplica","Salida de ciudadanos ecuatorianos.",2021,3,"INEC - Registro Estadístico de Entradas y Salidas Internacionales","Personas","Paz","ODS 5, 10, 16"
1016,"00","Total Nacional","0000","Total Nacional","Ecuador","Desplazamiento y migración","Flujos migratorios","Salida de ecuatorianos","Total","Hombre","20526","No Aplica","Salida de ciudadanos ecuatorianos.",2021,2,"INEC - Registro Estadístico de Entradas y Salidas Internacionales","Personas","Paz","ODS 5, 10, 16"
1016,"00","Total Nacional","0000","Total Nacional","Ecuador","Desplazamiento y migración","Flujos migratorios","Salida de ecuatorianos","Total","Mujer","18448","No Aplica","Salida de ciudadanos ecuatorianos.",2021,2,"INEC - Registro Estadístico de Entradas y Salidas Internacionales","Personas","Paz","ODS 5, 10, 16"
1016,"00","Total Nacional","0000","Total Nacional","Ecuador","Desplazamiento y migración","Flujos migratorios","Salida de ecuatorianos","Total","Total","38974","No Aplica","Salida de ciudadanos ecuatorianos.",2021,2,"INEC - Registro Estadístico de Entradas y Salidas Internacionales","Personas","Paz","ODS 5, 10, 16"
1016,"00","Total Nacional","0000","Total Nacional","Ecuador","Desplazamiento y migración","Flujos migratorios","Salida de ecuatorianos","Total","Hombre","23235","No Aplica","Salida de ciudadanos ecuatorianos.",2021,1,"INEC - Registro Estadístico de Entradas y Salidas Internacionales","Personas","Paz","ODS 5, 10, 16"
1016,"00","Total Nacional","0000","Total Nacional","Ecuador","Desplazamiento y migración","Flujos migratorios","Salida de ecuatorianos","Total","Mujer","19130","No Aplica","Salida de ciudadanos ecuatorianos.",2021,1,"INEC - Registro Estadístico de Entradas y Salidas Internacionales","Personas","Paz","ODS 5, 10, 16"
1016,"00","Total Nacional","0000","Total Nacional","Ecuador","Desplazamiento y migración","Flujos migratorios","Salida de ecuatorianos","Total","Total","42365","No Aplica","Salida de ciudadanos ecuatorianos.",2021,1,"INEC - Registro Estadístico de Entradas y Salidas Internacionales","Personas","Paz","ODS 5, 10, 16"
1016,"00","Total Nacional","0000","Total Nacional","Ecuador","Desplazamiento y migración","Flujos migratorios","Salida de ecuatorianos","Total","Hombre","23395","No Aplica","Salida de ciudadanos ecuatorianos.",2020,12,"INEC - Registro Estadístico de Entradas y Salidas Internacionales","Personas","Paz","ODS 5, 10, 16"
1016,"00","Total Nacional","0000","Total Nacional","Ecuador","Desplazamiento y migración","Flujos migratorios","Salida de ecuatorianos","Total","Mujer","22642","No Aplica","Salida de ciudadanos ecuatorianos.",2020,12,"INEC - Registro Estadístico de Entradas y Salidas Internacionales","Personas","Paz","ODS 5, 10, 16"
1016,"00","Total Nacional","0000","Total Nacional","Ecuador","Desplazamiento y migración","Flujos migratorios","Salida de ecuatorianos","Total","Total","46037","No Aplica","Salida de ciudadanos ecuatorianos.",2020,12,"INEC - Registro Estadístico de Entradas y Salidas Internacionales","Personas","Paz","ODS 5, 10, 16"
1016,"00","Total Nacional","0000","Total Nacional","Ecuador","Desplazamiento y migración","Flujos migratorios","Salida de ecuatorianos","Total","Hombre","22871","No Aplica","Salida de ciudadanos ecuatorianos.",2020,11,"INEC - Registro Estadístico de Entradas y Salidas Internacionales","Personas","Paz","ODS 5, 10, 16"
1016,"00","Total Nacional","0000","Total Nacional","Ecuador","Desplazamiento y migración","Flujos migratorios","Salida de ecuatorianos","Total","Mujer","22982","No Aplica","Salida de ciudadanos ecuatorianos.",2020,11,"INEC - Registro Estadístico de Entradas y Salidas Internacionales","Personas","Paz","ODS 5, 10, 16"
1016,"00","Total Nacional","0000","Total Nacional","Ecuador","Desplazamiento y migración","Flujos migratorios","Salida de ecuatorianos","Total","Total","45853","No Aplica","Salida de ciudadanos ecuatorianos.",2020,11,"INEC - Registro Estadístico de Entradas y Salidas Internacionales","Personas","Paz","ODS 5, 10, 16"
1016,"00","Total Nacional","0000","Total Nacional","Ecuador","Desplazamiento y migración","Flujos migratorios","Salida de ecuatorianos","Total","Hombre","18130","No Aplica","Salida de ciudadanos ecuatorianos.",2020,10,"INEC - Registro Estadístico de Entradas y Salidas Internacionales","Personas","Paz","ODS 5, 10, 16"
1016,"00","Total Nacional","0000","Total Nacional","Ecuador","Desplazamiento y migración","Flujos migratorios","Salida de ecuatorianos","Total","Mujer","17618","No Aplica","Salida de ciudadanos ecuatorianos.",2020,10,"INEC - Registro Estadístico de Entradas y Salidas Internacionales","Personas","Paz","ODS 5, 10, 16"
1016,"00","Total Nacional","0000","Total Nacional","Ecuador","Desplazamiento y migración","Flujos migratorios","Salida de ecuatorianos","Total","Total","35748","No Aplica","Salida de ciudadanos ecuatorianos.",2020,10,"INEC - Registro Estadístico de Entradas y Salidas Internacionales","Personas","Paz","ODS 5, 10, 16"
1016,"00","Total Nacional","0000","Total Nacional","Ecuador","Desplazamiento y migración","Flujos migratorios","Salida de ecuatorianos","Total","Hombre","12593","No Aplica","Salida de ciudadanos ecuatorianos.",2020,9,"INEC - Registro Estadístico de Entradas y Salidas Internacionales","Personas","Paz","ODS 5, 10, 16"
1016,"00","Total Nacional","0000","Total Nacional","Ecuador","Desplazamiento y migración","Flujos migratorios","Salida de ecuatorianos","Total","Mujer","11444","No Aplica","Salida de ciudadanos ecuatorianos.",2020,9,"INEC - Registro Estadístico de Entradas y Salidas Internacionales","Personas","Paz","ODS 5, 10, 16"
1016,"00","Total Nacional","0000","Total Nacional","Ecuador","Desplazamiento y migración","Flujos migratorios","Salida de ecuatorianos","Total","Total","24037","No Aplica","Salida de ciudadanos ecuatorianos.",2020,9,"INEC - Registro Estadístico de Entradas y Salidas Internacionales","Personas","Paz","ODS 5, 10, 16"
1016,"00","Total Nacional","0000","Total Nacional","Ecuador","Desplazamiento y migración","Flujos migratorios","Salida de ecuatorianos","Total","Hombre","10882","No Aplica","Salida de ciudadanos ecuatorianos.",2020,8,"INEC - Registro Estadístico de Entradas y Salidas Internacionales","Personas","Paz","ODS 5, 10, 16"
1016,"00","Total Nacional","0000","Total Nacional","Ecuador","Desplazamiento y migración","Flujos migratorios","Salida de ecuatorianos","Total","Mujer","9853","No Aplica","Salida de ciudadanos ecuatorianos.",2020,8,"INEC - Registro Estadístico de Entradas y Salidas Internacionales","Personas","Paz","ODS 5, 10, 16"
1016,"00","Total Nacional","0000","Total Nacional","Ecuador","Desplazamiento y migración","Flujos migratorios","Salida de ecuatorianos","Total","Total","20735","No Aplica","Salida de ciudadanos ecuatorianos.",2020,8,"INEC - Registro Estadístico de Entradas y Salidas Internacionales","Personas","Paz","ODS 5, 10, 16"
1016,"00","Total Nacional","0000","Total Nacional","Ecuador","Desplazamiento y migración","Flujos migratorios","Salida de ecuatorianos","Total","Hombre","8127","No Aplica","Salida de ciudadanos ecuatorianos.",2020,7,"INEC - Registro Estadístico de Entradas y Salidas Internacionales","Personas","Paz","ODS 5, 10, 16"
1016,"00","Total Nacional","0000","Total Nacional","Ecuador","Desplazamiento y migración","Flujos migratorios","Salida de ecuatorianos","Total","Mujer","6975","No Aplica","Salida de ciudadanos ecuatorianos.",2020,7,"INEC - Registro Estadístico de Entradas y Salidas Internacionales","Personas","Paz","ODS 5, 10, 16"
1016,"00","Total Nacional","0000","Total Nacional","Ecuador","Desplazamiento y migración","Flujos migratorios","Salida de ecuatorianos","Total","Total","15102","No Aplica","Salida de ciudadanos ecuatorianos.",2020,7,"INEC - Registro Estadístico de Entradas y Salidas Internacionales","Personas","Paz","ODS 5, 10, 16"
1016,"00","Total Nacional","0000","Total Nacional","Ecuador","Desplazamiento y migración","Flujos migratorios","Salida de ecuatorianos","Total","Hombre","4613","No Aplica","Salida de ciudadanos ecuatorianos.",2020,6,"INEC - Registro Estadístico de Entradas y Salidas Internacionales","Personas","Paz","ODS 5, 10, 16"
1016,"00","Total Nacional","0000","Total Nacional","Ecuador","Desplazamiento y migración","Flujos migratorios","Salida de ecuatorianos","Total","Mujer","2843","No Aplica","Salida de ciudadanos ecuatorianos.",2020,6,"INEC - Registro Estadístico de Entradas y Salidas Internacionales","Personas","Paz","ODS 5, 10, 16"
1016,"00","Total Nacional","0000","Total Nacional","Ecuador","Desplazamiento y migración","Flujos migratorios","Salida de ecuatorianos","Total","Total","7456","No Aplica","Salida de ciudadanos ecuatorianos.",2020,6,"INEC - Registro Estadístico de Entradas y Salidas Internacionales","Personas","Paz","ODS 5, 10, 16"
1016,"00","Total Nacional","0000","Total Nacional","Ecuador","Desplazamiento y migración","Flujos migratorios","Salida de ecuatorianos","Total","Hombre","2566","No Aplica","Salida de ciudadanos ecuatorianos.",2020,5,"INEC - Registro Estadístico de Entradas y Salidas Internacionales","Personas","Paz","ODS 5, 10, 16"
1016,"00","Total Nacional","0000","Total Nacional","Ecuador","Desplazamiento y migración","Flujos migratorios","Salida de ecuatorianos","Total","Mujer","840","No Aplica","Salida de ciudadanos ecuatorianos.",2020,5,"INEC - Registro Estadístico de Entradas y Salidas Internacionales","Personas","Paz","ODS 5, 10, 16"
1016,"00","Total Nacional","0000","Total Nacional","Ecuador","Desplazamiento y migración","Flujos migratorios","Salida de ecuatorianos","Total","Total","3406","No Aplica","Salida de ciudadanos ecuatorianos.",2020,5,"INEC - Registro Estadístico de Entradas y Salidas Internacionales","Personas","Paz","ODS 5, 10, 16"
1016,"00","Total Nacional","0000","Total Nacional","Ecuador","Desplazamiento y migración","Flujos migratorios","Salida de ecuatorianos","Total","Hombre","1415","No Aplica","Salida de ciudadanos ecuatorianos.",2020,4,"INEC - Registro Estadístico de Entradas y Salidas Internacionales","Personas","Paz","ODS 5, 10, 16"
1016,"00","Total Nacional","0000","Total Nacional","Ecuador","Desplazamiento y migración","Flujos migratorios","Salida de ecuatorianos","Total","Mujer","437","No Aplica","Salida de ciudadanos ecuatorianos.",2020,4,"INEC - Registro Estadístico de Entradas y Salidas Internacionales","Personas","Paz","ODS 5, 10, 16"
1016,"00","Total Nacional","0000","Total Nacional","Ecuador","Desplazamiento y migración","Flujos migratorios","Salida de ecuatorianos","Total","Total","1852","No Aplica","Salida de ciudadanos ecuatorianos.",2020,4,"INEC - Registro Estadístico de Entradas y Salidas Internacionales","Personas","Paz","ODS 5, 10, 16"
1016,"00","Total Nacional","0000","Total Nacional","Ecuador","Desplazamiento y migración","Flujos migratorios","Salida de ecuatorianos","Total","Hombre","33271","No Aplica","Salida de ciudadanos ecuatorianos.",2020,3,"INEC - Registro Estadístico de Entradas y Salidas Internacionales","Personas","Paz","ODS 5, 10, 16"
1016,"00","Total Nacional","0000","Total Nacional","Ecuador","Desplazamiento y migración","Flujos migratorios","Salida de ecuatorianos","Total","Mujer","33069","No Aplica","Salida de ciudadanos ecuatorianos.",2020,3,"INEC - Registro Estadístico de Entradas y Salidas Internacionales","Personas","Paz","ODS 5, 10, 16"
1016,"00","Total Nacional","0000","Total Nacional","Ecuador","Desplazamiento y migración","Flujos migratorios","Salida de ecuatorianos","Total","Total","66340","No Aplica","Salida de ciudadanos ecuatorianos.",2020,3,"INEC - Registro Estadístico de Entradas y Salidas Internacionales","Personas","Paz","ODS 5, 10, 16"
1016,"00","Total Nacional","0000","Total Nacional","Ecuador","Desplazamiento y migración","Flujos migratorios","Salida de ecuatorianos","Total","Hombre","67053","No Aplica","Salida de ciudadanos ecuatorianos.",2020,2,"INEC - Registro Estadístico de Entradas y Salidas Internacionales","Personas","Paz","ODS 5, 10, 16"
1016,"00","Total Nacional","0000","Total Nacional","Ecuador","Desplazamiento y migración","Flujos migratorios","Salida de ecuatorianos","Total","Mujer","67449","No Aplica","Salida de ciudadanos ecuatorianos.",2020,2,"INEC - Registro Estadístico de Entradas y Salidas Internacionales","Personas","Paz","ODS 5, 10, 16"
1016,"00","Total Nacional","0000","Total Nacional","Ecuador","Desplazamiento y migración","Flujos migratorios","Salida de ecuatorianos","Total","Total","134502","No Aplica","Salida de ciudadanos ecuatorianos.",2020,2,"INEC - Registro Estadístico de Entradas y Salidas Internacionales","Personas","Paz","ODS 5, 10, 16"
1016,"00","Total Nacional","0000","Total Nacional","Ecuador","Desplazamiento y migración","Flujos migratorios","Salida de ecuatorianos","Total","Hombre","55851","No Aplica","Salida de ciudadanos ecuatorianos.",2020,1,"INEC - Registro Estadístico de Entradas y Salidas Internacionales","Personas","Paz","ODS 5, 10, 16"
1016,"00","Total Nacional","0000","Total Nacional","Ecuador","Desplazamiento y migración","Flujos migratorios","Salida de ecuatorianos","Total","Mujer","51176","No Aplica","Salida de ciudadanos ecuatorianos.",2020,1,"INEC - Registro Estadístico de Entradas y Salidas Internacionales","Personas","Paz","ODS 5, 10, 16"
1016,"00","Total Nacional","0000","Total Nacional","Ecuador","Desplazamiento y migración","Flujos migratorios","Salida de ecuatorianos","Total","Total","107027","No Aplica","Salida de ciudadanos ecuatorianos.",2020,1,"INEC - Registro Estadístico de Entradas y Salidas Internacionales","Personas","Paz","ODS 5, 10, 16"
1016,"00","Total Nacional","0000","Total Nacional","Ecuador","Desplazamiento y migración","Flujos migratorios","Salida de ecuatorianos","Total","Hombre","60360","No Aplica","Salida de ciudadanos ecuatorianos.",2019,12,"INEC - Registro Estadístico de Entradas y Salidas Internacionales","Personas","Paz","ODS 5, 10, 16"
1016,"00","Total Nacional","0000","Total Nacional","Ecuador","Desplazamiento y migración","Flujos migratorios","Salida de ecuatorianos","Total","Mujer","62759","No Aplica","Salida de ciudadanos ecuatorianos.",2019,12,"INEC - Registro Estadístico de Entradas y Salidas Internacionales","Personas","Paz","ODS 5, 10, 16"
1016,"00","Total Nacional","0000","Total Nacional","Ecuador","Desplazamiento y migración","Flujos migratorios","Salida de ecuatorianos","Total","Total","123119","No Aplica","Salida de ciudadanos ecuatorianos.",2019,12,"INEC - Registro Estadístico de Entradas y Salidas Internacionales","Personas","Paz","ODS 5, 10, 16"
1016,"00","Total Nacional","0000","Total Nacional","Ecuador","Desplazamiento y migración","Flujos migratorios","Salida de ecuatorianos","Total","Hombre","63347","No Aplica","Salida de ciudadanos ecuatorianos.",2019,11,"INEC - Registro Estadístico de Entradas y Salidas Internacionales","Personas","Paz","ODS 5, 10, 16"
1016,"00","Total Nacional","0000","Total Nacional","Ecuador","Desplazamiento y migración","Flujos migratorios","Salida de ecuatorianos","Total","Mujer","67839","No Aplica","Salida de ciudadanos ecuatorianos.",2019,11,"INEC - Registro Estadístico de Entradas y Salidas Internacionales","Personas","Paz","ODS 5, 10, 16"
1016,"00","Total Nacional","0000","Total Nacional","Ecuador","Desplazamiento y migración","Flujos migratorios","Salida de ecuatorianos","Total","Total","131186","No Aplica","Salida de ciudadanos ecuatorianos.",2019,11,"INEC - Registro Estadístico de Entradas y Salidas Internacionales","Personas","Paz","ODS 5, 10, 16"
1016,"00","Total Nacional","0000","Total Nacional","Ecuador","Desplazamiento y migración","Flujos migratorios","Salida de ecuatorianos","Total","Hombre","60859","No Aplica","Salida de ciudadanos ecuatorianos.",2019,10,"INEC - Registro Estadístico de Entradas y Salidas Internacionales","Personas","Paz","ODS 5, 10, 16"
1016,"00","Total Nacional","0000","Total Nacional","Ecuador","Desplazamiento y migración","Flujos migratorios","Salida de ecuatorianos","Total","Mujer","64922","No Aplica","Salida de ciudadanos ecuatorianos.",2019,10,"INEC - Registro Estadístico de Entradas y Salidas Internacionales","Personas","Paz","ODS 5, 10, 16"
1016,"00","Total Nacional","0000","Total Nacional","Ecuador","Desplazamiento y migración","Flujos migratorios","Salida de ecuatorianos","Total","Total","125781","No Aplica","Salida de ciudadanos ecuatorianos.",2019,10,"INEC - Registro Estadístico de Entradas y Salidas Internacionales","Personas","Paz","ODS 5, 10, 16"
1016,"00","Total Nacional","0000","Total Nacional","Ecuador","Desplazamiento y migración","Flujos migratorios","Salida de ecuatorianos","Total","Hombre","66333","No Aplica","Salida de ciudadanos ecuatorianos.",2019,9,"INEC - Registro Estadístico de Entradas y Salidas Internacionales","Personas","Paz","ODS 5, 10, 16"
1016,"00","Total Nacional","0000","Total Nacional","Ecuador","Desplazamiento y migración","Flujos migratorios","Salida de ecuatorianos","Total","Mujer","71319","No Aplica","Salida de ciudadanos ecuatorianos.",2019,9,"INEC - Registro Estadístico de Entradas y Salidas Internacionales","Personas","Paz","ODS 5, 10, 16"
1016,"00","Total Nacional","0000","Total Nacional","Ecuador","Desplazamiento y migración","Flujos migratorios","Salida de ecuatorianos","Total","Total","137652","No Aplica","Salida de ciudadanos ecuatorianos.",2019,9,"INEC - Registro Estadístico de Entradas y Salidas Internacionales","Personas","Paz","ODS 5, 10, 16"
1016,"00","Total Nacional","0000","Total Nacional","Ecuador","Desplazamiento y migración","Flujos migratorios","Salida de ecuatorianos","Total","Hombre","83857","No Aplica","Salida de ciudadanos ecuatorianos.",2019,8,"INEC - Registro Estadístico de Entradas y Salidas Internacionales","Personas","Paz","ODS 5, 10, 16"
1016,"00","Total Nacional","0000","Total Nacional","Ecuador","Desplazamiento y migración","Flujos migratorios","Salida de ecuatorianos","Total","Mujer","92118","No Aplica","Salida de ciudadanos ecuatorianos.",2019,8,"INEC - Registro Estadístico de Entradas y Salidas Internacionales","Personas","Paz","ODS 5, 10, 16"
1016,"00","Total Nacional","0000","Total Nacional","Ecuador","Desplazamiento y migración","Flujos migratorios","Salida de ecuatorianos","Total","Total","175975","No Aplica","Salida de ciudadanos ecuatorianos.",2019,8,"INEC - Registro Estadístico de Entradas y Salidas Internacionales","Personas","Paz","ODS 5, 10, 16"
1016,"00","Total Nacional","0000","Total Nacional","Ecuador","Desplazamiento y migración","Flujos migratorios","Salida de ecuatorianos","Total","Hombre","61886","No Aplica","Salida de ciudadanos ecuatorianos.",2019,7,"INEC - Registro Estadístico de Entradas y Salidas Internacionales","Personas","Paz","ODS 5, 10, 16"
1016,"00","Total Nacional","0000","Total Nacional","Ecuador","Desplazamiento y migración","Flujos migratorios","Salida de ecuatorianos","Total","Mujer","65259","No Aplica","Salida de ciudadanos ecuatorianos.",2019,7,"INEC - Registro Estadístico de Entradas y Salidas Internacionales","Personas","Paz","ODS 5, 10, 16"
1016,"00","Total Nacional","0000","Total Nacional","Ecuador","Desplazamiento y migración","Flujos migratorios","Salida de ecuatorianos","Total","Total","127145","No Aplica","Salida de ciudadanos ecuatorianos.",2019,7,"INEC - Registro Estadístico de Entradas y Salidas Internacionales","Personas","Paz","ODS 5, 10, 16"
1016,"00","Total Nacional","0000","Total Nacional","Ecuador","Desplazamiento y migración","Flujos migratorios","Salida de ecuatorianos","Total","Hombre","49670","No Aplica","Salida de ciudadanos ecuatorianos.",2019,6,"INEC - Registro Estadístico de Entradas y Salidas Internacionales","Personas","Paz","ODS 5, 10, 16"
1016,"00","Total Nacional","0000","Total Nacional","Ecuador","Desplazamiento y migración","Flujos migratorios","Salida de ecuatorianos","Total","Mujer","50196","No Aplica","Salida de ciudadanos ecuatorianos.",2019,6,"INEC - Registro Estadístico de Entradas y Salidas Internacionales","Personas","Paz","ODS 5, 10, 16"
1016,"00","Total Nacional","0000","Total Nacional","Ecuador","Desplazamiento y migración","Flujos migratorios","Salida de ecuatorianos","Total","Total","99866","No Aplica","Salida de ciudadanos ecuatorianos.",2019,6,"INEC - Registro Estadístico de Entradas y Salidas Internacionales","Personas","Paz","ODS 5, 10, 16"
1016,"00","Total Nacional","0000","Total Nacional","Ecuador","Desplazamiento y migración","Flujos migratorios","Salida de ecuatorianos","Total","Hombre","62673","No Aplica","Salida de ciudadanos ecuatorianos.",2019,5,"INEC - Registro Estadístico de Entradas y Salidas Internacionales","Personas","Paz","ODS 5, 10, 16"
1016,"00","Total Nacional","0000","Total Nacional","Ecuador","Desplazamiento y migración","Flujos migratorios","Salida de ecuatorianos","Total","Mujer","67480","No Aplica","Salida de ciudadanos ecuatorianos.",2019,5,"INEC - Registro Estadístico de Entradas y Salidas Internacionales","Personas","Paz","ODS 5, 10, 16"
1016,"00","Total Nacional","0000","Total Nacional","Ecuador","Desplazamiento y migración","Flujos migratorios","Salida de ecuatorianos","Total","Total","130153","No Aplica","Salida de ciudadanos ecuatorianos.",2019,5,"INEC - Registro Estadístico de Entradas y Salidas Internacionales","Personas","Paz","ODS 5, 10, 16"
1016,"00","Total Nacional","0000","Total Nacional","Ecuador","Desplazamiento y migración","Flujos migratorios","Salida de ecuatorianos","Total","Hombre","63653","No Aplica","Salida de ciudadanos ecuatorianos.",2019,4,"INEC - Registro Estadístico de Entradas y Salidas Internacionales","Personas","Paz","ODS 5, 10, 16"
1016,"00","Total Nacional","0000","Total Nacional","Ecuador","Desplazamiento y migración","Flujos migratorios","Salida de ecuatorianos","Total","Mujer","67113","No Aplica","Salida de ciudadanos ecuatorianos.",2019,4,"INEC - Registro Estadístico de Entradas y Salidas Internacionales","Personas","Paz","ODS 5, 10, 16"
1016,"00","Total Nacional","0000","Total Nacional","Ecuador","Desplazamiento y migración","Flujos migratorios","Salida de ecuatorianos","Total","Total","130766","No Aplica","Salida de ciudadanos ecuatorianos.",2019,4,"INEC - Registro Estadístico de Entradas y Salidas Internacionales","Personas","Paz","ODS 5, 10, 16"
1016,"00","Total Nacional","0000","Total Nacional","Ecuador","Desplazamiento y migración","Flujos migratorios","Salida de ecuatorianos","Total","Hombre","72940","No Aplica","Salida de ciudadanos ecuatorianos.",2019,3,"INEC - Registro Estadístico de Entradas y Salidas Internacionales","Personas","Paz","ODS 5, 10, 16"
1016,"00","Total Nacional","0000","Total Nacional","Ecuador","Desplazamiento y migración","Flujos migratorios","Salida de ecuatorianos","Total","Mujer","77237","No Aplica","Salida de ciudadanos ecuatorianos.",2019,3,"INEC - Registro Estadístico de Entradas y Salidas Internacionales","Personas","Paz","ODS 5, 10, 16"
1016,"00","Total Nacional","0000","Total Nacional","Ecuador","Desplazamiento y migración","Flujos migratorios","Salida de ecuatorianos","Total","Total","150177","No Aplica","Salida de ciudadanos ecuatorianos.",2019,3,"INEC - Registro Estadístico de Entradas y Salidas Internacionales","Personas","Paz","ODS 5, 10, 16"
1016,"00","Total Nacional","0000","Total Nacional","Ecuador","Desplazamiento y migración","Flujos migratorios","Salida de ecuatorianos","Total","Hombre","56995","No Aplica","Salida de ciudadanos ecuatorianos.",2019,2,"INEC - Registro Estadístico de Entradas y Salidas Internacionales","Personas","Paz","ODS 5, 10, 16"
1016,"00","Total Nacional","0000","Total Nacional","Ecuador","Desplazamiento y migración","Flujos migratorios","Salida de ecuatorianos","Total","Mujer","58444","No Aplica","Salida de ciudadanos ecuatorianos.",2019,2,"INEC - Registro Estadístico de Entradas y Salidas Internacionales","Personas","Paz","ODS 5, 10, 16"
1016,"00","Total Nacional","0000","Total Nacional","Ecuador","Desplazamiento y migración","Flujos migratorios","Salida de ecuatorianos","Total","Total","115439","No Aplica","Salida de ciudadanos ecuatorianos.",2019,2,"INEC - Registro Estadístico de Entradas y Salidas Internacionales","Personas","Paz","ODS 5, 10, 16"
1016,"00","Total Nacional","0000","Total Nacional","Ecuador","Desplazamiento y migración","Flujos migratorios","Salida de ecuatorianos","Total","Hombre","51005","No Aplica","Salida de ciudadanos ecuatorianos.",2019,1,"INEC - Registro Estadístico de Entradas y Salidas Internacionales","Personas","Paz","ODS 5, 10, 16"
1016,"00","Total Nacional","0000","Total Nacional","Ecuador","Desplazamiento y migración","Flujos migratorios","Salida de ecuatorianos","Total","Mujer","46444","No Aplica","Salida de ciudadanos ecuatorianos.",2019,1,"INEC - Registro Estadístico de Entradas y Salidas Internacionales","Personas","Paz","ODS 5, 10, 16"
1016,"00","Total Nacional","0000","Total Nacional","Ecuador","Desplazamiento y migración","Flujos migratorios","Salida de ecuatorianos","Total","Total","97449","No Aplica","Salida de ciudadanos ecuatorianos.",2019,1,"INEC - Registro Estadístico de Entradas y Salidas Internacionales","Personas","Paz","ODS 5, 10, 16"
1016,"00","Total Nacional","0000","Total Nacional","Ecuador","Desplazamiento y migración","Flujos migratorios","Salida de ecuatorianos","Total","Hombre","54147","No Aplica","Salida de ciudadanos ecuatorianos.",2018,12,"INEC - Registro Estadístico de Entradas y Salidas Internacionales","Personas","Paz","ODS 5, 10, 16"
1016,"00","Total Nacional","0000","Total Nacional","Ecuador","Desplazamiento y migración","Flujos migratorios","Salida de ecuatorianos","Total","Mujer","56147","No Aplica","Salida de ciudadanos ecuatorianos.",2018,12,"INEC - Registro Estadístico de Entradas y Salidas Internacionales","Personas","Paz","ODS 5, 10, 16"
1016,"00","Total Nacional","0000","Total Nacional","Ecuador","Desplazamiento y migración","Flujos migratorios","Salida de ecuatorianos","Total","Total","110294","No Aplica","Salida de ciudadanos ecuatorianos.",2018,12,"INEC - Registro Estadístico de Entradas y Salidas Internacionales","Personas","Paz","ODS 5, 10, 16"
1016,"00","Total Nacional","0000","Total Nacional","Ecuador","Desplazamiento y migración","Flujos migratorios","Salida de ecuatorianos","Total","Hombre","59571","No Aplica","Salida de ciudadanos ecuatorianos.",2018,11,"INEC - Registro Estadístico de Entradas y Salidas Internacionales","Personas","Paz","ODS 5, 10, 16"
1016,"00","Total Nacional","0000","Total Nacional","Ecuador","Desplazamiento y migración","Flujos migratorios","Salida de ecuatorianos","Total","Mujer","63438","No Aplica","Salida de ciudadanos ecuatorianos.",2018,11,"INEC - Registro Estadístico de Entradas y Salidas Internacionales","Personas","Paz","ODS 5, 10, 16"
1016,"00","Total Nacional","0000","Total Nacional","Ecuador","Desplazamiento y migración","Flujos migratorios","Salida de ecuatorianos","Total","Total","123009","No Aplica","Salida de ciudadanos ecuatorianos.",2018,11,"INEC - Registro Estadístico de Entradas y Salidas Internacionales","Personas","Paz","ODS 5, 10, 16"
1016,"00","Total Nacional","0000","Total Nacional","Ecuador","Desplazamiento y migración","Flujos migratorios","Salida de ecuatorianos","Total","Hombre","60402","No Aplica","Salida de ciudadanos ecuatorianos.",2018,10,"INEC - Registro Estadístico de Entradas y Salidas Internacionales","Personas","Paz","ODS 5, 10, 16"
1016,"00","Total Nacional","0000","Total Nacional","Ecuador","Desplazamiento y migración","Flujos migratorios","Salida de ecuatorianos","Total","Mujer","64112","No Aplica","Salida de ciudadanos ecuatorianos.",2018,10,"INEC - Registro Estadístico de Entradas y Salidas Internacionales","Personas","Paz","ODS 5, 10, 16"
1016,"00","Total Nacional","0000","Total Nacional","Ecuador","Desplazamiento y migración","Flujos migratorios","Salida de ecuatorianos","Total","Total","124514","No Aplica","Salida de ciudadanos ecuatorianos.",2018,10,"INEC - Registro Estadístico de Entradas y Salidas Internacionales","Personas","Paz","ODS 5, 10, 16"
1016,"00","Total Nacional","0000","Total Nacional","Ecuador","Desplazamiento y migración","Flujos migratorios","Salida de ecuatorianos","Total","Hombre","67503","No Aplica","Salida de ciudadanos ecuatorianos.",2018,9,"INEC - Registro Estadístico de Entradas y Salidas Internacionales","Personas","Paz","ODS 5, 10, 16"
1016,"00","Total Nacional","0000","Total Nacional","Ecuador","Desplazamiento y migración","Flujos migratorios","Salida de ecuatorianos","Total","Mujer","72690","No Aplica","Salida de ciudadanos ecuatorianos.",2018,9,"INEC - Registro Estadístico de Entradas y Salidas Internacionales","Personas","Paz","ODS 5, 10, 16"
1016,"00","Total Nacional","0000","Total Nacional","Ecuador","Desplazamiento y migración","Flujos migratorios","Salida de ecuatorianos","Total","Total","140193","No Aplica","Salida de ciudadanos ecuatorianos.",2018,9,"INEC - Registro Estadístico de Entradas y Salidas Internacionales","Personas","Paz","ODS 5, 10, 16"
1016,"00","Total Nacional","0000","Total Nacional","Ecuador","Desplazamiento y migración","Flujos migratorios","Salida de ecuatorianos","Total","Hombre","77543","No Aplica","Salida de ciudadanos ecuatorianos.",2018,8,"INEC - Registro Estadístico de Entradas y Salidas Internacionales","Personas","Paz","ODS 5, 10, 16"
1016,"00","Total Nacional","0000","Total Nacional","Ecuador","Desplazamiento y migración","Flujos migratorios","Salida de ecuatorianos","Total","Mujer","84629","No Aplica","Salida de ciudadanos ecuatorianos.",2018,8,"INEC - Registro Estadístico de Entradas y Salidas Internacionales","Personas","Paz","ODS 5, 10, 16"
1016,"00","Total Nacional","0000","Total Nacional","Ecuador","Desplazamiento y migración","Flujos migratorios","Salida de ecuatorianos","Total","Total","162172","No Aplica","Salida de ciudadanos ecuatorianos.",2018,8,"INEC - Registro Estadístico de Entradas y Salidas Internacionales","Personas","Paz","ODS 5, 10, 16"
1016,"00","Total Nacional","0000","Total Nacional","Ecuador","Desplazamiento y migración","Flujos migratorios","Salida de ecuatorianos","Total","Hombre","58671","No Aplica","Salida de ciudadanos ecuatorianos.",2018,7,"INEC - Registro Estadístico de Entradas y Salidas Internacionales","Personas","Paz","ODS 5, 10, 16"
1016,"00","Total Nacional","0000","Total Nacional","Ecuador","Desplazamiento y migración","Flujos migratorios","Salida de ecuatorianos","Total","Mujer","61397","No Aplica","Salida de ciudadanos ecuatorianos.",2018,7,"INEC - Registro Estadístico de Entradas y Salidas Internacionales","Personas","Paz","ODS 5, 10, 16"
1016,"00","Total Nacional","0000","Total Nacional","Ecuador","Desplazamiento y migración","Flujos migratorios","Salida de ecuatorianos","Total","Total","120068","No Aplica","Salida de ciudadanos ecuatorianos.",2018,7,"INEC - Registro Estadístico de Entradas y Salidas Internacionales","Personas","Paz","ODS 5, 10, 16"
1016,"00","Total Nacional","0000","Total Nacional","Ecuador","Desplazamiento y migración","Flujos migratorios","Salida de ecuatorianos","Total","Hombre","46159","No Aplica","Salida de ciudadanos ecuatorianos.",2018,6,"INEC - Registro Estadístico de Entradas y Salidas Internacionales","Personas","Paz","ODS 5, 10, 16"
1016,"00","Total Nacional","0000","Total Nacional","Ecuador","Desplazamiento y migración","Flujos migratorios","Salida de ecuatorianos","Total","Mujer","47016","No Aplica","Salida de ciudadanos ecuatorianos.",2018,6,"INEC - Registro Estadístico de Entradas y Salidas Internacionales","Personas","Paz","ODS 5, 10, 16"
1016,"00","Total Nacional","0000","Total Nacional","Ecuador","Desplazamiento y migración","Flujos migratorios","Salida de ecuatorianos","Total","Total","93175","No Aplica","Salida de ciudadanos ecuatorianos.",2018,6,"INEC - Registro Estadístico de Entradas y Salidas Internacionales","Personas","Paz","ODS 5, 10, 16"
1016,"00","Total Nacional","0000","Total Nacional","Ecuador","Desplazamiento y migración","Flujos migratorios","Salida de ecuatorianos","Total","Hombre","54410","No Aplica","Salida de ciudadanos ecuatorianos.",2018,5,"INEC - Registro Estadístico de Entradas y Salidas Internacionales","Personas","Paz","ODS 5, 10, 16"
1016,"00","Total Nacional","0000","Total Nacional","Ecuador","Desplazamiento y migración","Flujos migratorios","Salida de ecuatorianos","Total","Mujer","58491","No Aplica","Salida de ciudadanos ecuatorianos.",2018,5,"INEC - Registro Estadístico de Entradas y Salidas Internacionales","Personas","Paz","ODS 5, 10, 16"
1016,"00","Total Nacional","0000","Total Nacional","Ecuador","Desplazamiento y migración","Flujos migratorios","Salida de ecuatorianos","Total","Total","112901","No Aplica","Salida de ciudadanos ecuatorianos.",2018,5,"INEC - Registro Estadístico de Entradas y Salidas Internacionales","Personas","Paz","ODS 5, 10, 16"
1016,"00","Total Nacional","0000","Total Nacional","Ecuador","Desplazamiento y migración","Flujos migratorios","Salida de ecuatorianos","Total","Hombre","62407","No Aplica","Salida de ciudadanos ecuatorianos.",2018,4,"INEC - Registro Estadístico de Entradas y Salidas Internacionales","Personas","Paz","ODS 5, 10, 16"
1016,"00","Total Nacional","0000","Total Nacional","Ecuador","Desplazamiento y migración","Flujos migratorios","Salida de ecuatorianos","Total","Mujer","65005","No Aplica","Salida de ciudadanos ecuatorianos.",2018,4,"INEC - Registro Estadístico de Entradas y Salidas Internacionales","Personas","Paz","ODS 5, 10, 16"
1016,"00","Total Nacional","0000","Total Nacional","Ecuador","Desplazamiento y migración","Flujos migratorios","Salida de ecuatorianos","Total","Total","127412","No Aplica","Salida de ciudadanos ecuatorianos.",2018,4,"INEC - Registro Estadístico de Entradas y Salidas Internacionales","Personas","Paz","ODS 5, 10, 16"
1016,"00","Total Nacional","0000","Total Nacional","Ecuador","Desplazamiento y migración","Flujos migratorios","Salida de ecuatorianos","Total","Hombre","75065","No Aplica","Salida de ciudadanos ecuatorianos.",2018,3,"INEC - Registro Estadístico de Entradas y Salidas Internacionales","Personas","Paz","ODS 5, 10, 16"
1016,"00","Total Nacional","0000","Total Nacional","Ecuador","Desplazamiento y migración","Flujos migratorios","Salida de ecuatorianos","Total","Mujer","80286","No Aplica","Salida de ciudadanos ecuatorianos.",2018,3,"INEC - Registro Estadístico de Entradas y Salidas Internacionales","Personas","Paz","ODS 5, 10, 16"
1016,"00","Total Nacional","0000","Total Nacional","Ecuador","Desplazamiento y migración","Flujos migratorios","Salida de ecuatorianos","Total","Total","155351","No Aplica","Salida de ciudadanos ecuatorianos.",2018,3,"INEC - Registro Estadístico de Entradas y Salidas Internacionales","Personas","Paz","ODS 5, 10, 16"
1016,"00","Total Nacional","0000","Total Nacional","Ecuador","Desplazamiento y migración","Flujos migratorios","Salida de ecuatorianos","Total","Hombre","59931","No Aplica","Salida de ciudadanos ecuatorianos.",2018,2,"INEC - Registro Estadístico de Entradas y Salidas Internacionales","Personas","Paz","ODS 5, 10, 16"
1016,"00","Total Nacional","0000","Total Nacional","Ecuador","Desplazamiento y migración","Flujos migratorios","Salida de ecuatorianos","Total","Mujer","61110","No Aplica","Salida de ciudadanos ecuatorianos.",2018,2,"INEC - Registro Estadístico de Entradas y Salidas Internacionales","Personas","Paz","ODS 5, 10, 16"
1016,"00","Total Nacional","0000","Total Nacional","Ecuador","Desplazamiento y migración","Flujos migratorios","Salida de ecuatorianos","Total","Total","121041","No Aplica","Salida de ciudadanos ecuatorianos.",2018,2,"INEC - Registro Estadístico de Entradas y Salidas Internacionales","Personas","Paz","ODS 5, 10, 16"
1016,"00","Total Nacional","0000","Total Nacional","Ecuador","Desplazamiento y migración","Flujos migratorios","Salida de ecuatorianos","Total","Hombre","55268","No Aplica","Salida de ciudadanos ecuatorianos.",2018,1,"INEC - Registro Estadístico de Entradas y Salidas Internacionales","Personas","Paz","ODS 5, 10, 16"
1016,"00","Total Nacional","0000","Total Nacional","Ecuador","Desplazamiento y migración","Flujos migratorios","Salida de ecuatorianos","Total","Mujer","52282","No Aplica","Salida de ciudadanos ecuatorianos.",2018,1,"INEC - Registro Estadístico de Entradas y Salidas Internacionales","Personas","Paz","ODS 5, 10, 16"
1016,"00","Total Nacional","0000","Total Nacional","Ecuador","Desplazamiento y migración","Flujos migratorios","Salida de ecuatorianos","Total","Total","107550","No Aplica","Salida de ciudadanos ecuatorianos.",2018,1,"INEC - Registro Estadístico de Entradas y Salidas Internacionales","Personas","Paz","ODS 5, 10, 16"
1016,"00","Total Nacional","0000","Total Nacional","Ecuador","Desplazamiento y migración","Flujos migratorios","Salida de ecuatorianos","Total","Hombre","55153","No Aplica","Salida de ciudadanos ecuatorianos.",2017,12,"INEC - Registro Estadístico de Entradas y Salidas Internacionales","Personas","Paz","ODS 5, 10, 16"
1016,"00","Total Nacional","0000","Total Nacional","Ecuador","Desplazamiento y migración","Flujos migratorios","Salida de ecuatorianos","Total","Mujer","57836","No Aplica","Salida de ciudadanos ecuatorianos.",2017,12,"INEC - Registro Estadístico de Entradas y Salidas Internacionales","Personas","Paz","ODS 5, 10, 16"
1016,"00","Total Nacional","0000","Total Nacional","Ecuador","Desplazamiento y migración","Flujos migratorios","Salida de ecuatorianos","Total","Total","112989","No Aplica","Salida de ciudadanos ecuatorianos.",2017,12,"INEC - Registro Estadístico de Entradas y Salidas Internacionales","Personas","Paz","ODS 5, 10, 16"
1016,"00","Total Nacional","0000","Total Nacional","Ecuador","Desplazamiento y migración","Flujos migratorios","Salida de ecuatorianos","Total","Hombre","62657","No Aplica","Salida de ciudadanos ecuatorianos.",2017,11,"INEC - Registro Estadístico de Entradas y Salidas Internacionales","Personas","Paz","ODS 5, 10, 16"
1016,"00","Total Nacional","0000","Total Nacional","Ecuador","Desplazamiento y migración","Flujos migratorios","Salida de ecuatorianos","Total","Mujer","67198","No Aplica","Salida de ciudadanos ecuatorianos.",2017,11,"INEC - Registro Estadístico de Entradas y Salidas Internacionales","Personas","Paz","ODS 5, 10, 16"
1016,"00","Total Nacional","0000","Total Nacional","Ecuador","Desplazamiento y migración","Flujos migratorios","Salida de ecuatorianos","Total","Total","129855","No Aplica","Salida de ciudadanos ecuatorianos.",2017,11,"INEC - Registro Estadístico de Entradas y Salidas Internacionales","Personas","Paz","ODS 5, 10, 16"
1016,"00","Total Nacional","0000","Total Nacional","Ecuador","Desplazamiento y migración","Flujos migratorios","Salida de ecuatorianos","Total","Hombre","65186","No Aplica","Salida de ciudadanos ecuatorianos.",2017,10,"INEC - Registro Estadístico de Entradas y Salidas Internacionales","Personas","Paz","ODS 5, 10, 16"
1016,"00","Total Nacional","0000","Total Nacional","Ecuador","Desplazamiento y migración","Flujos migratorios","Salida de ecuatorianos","Total","Mujer","68209","No Aplica","Salida de ciudadanos ecuatorianos.",2017,10,"INEC - Registro Estadístico de Entradas y Salidas Internacionales","Personas","Paz","ODS 5, 10, 16"
1016,"00","Total Nacional","0000","Total Nacional","Ecuador","Desplazamiento y migración","Flujos migratorios","Salida de ecuatorianos","Total","Total","133395","No Aplica","Salida de ciudadanos ecuatorianos.",2017,10,"INEC - Registro Estadístico de Entradas y Salidas Internacionales","Personas","Paz","ODS 5, 10, 16"
1016,"00","Total Nacional","0000","Total Nacional","Ecuador","Desplazamiento y migración","Flujos migratorios","Salida de ecuatorianos","Total","Hombre","68608","No Aplica","Salida de ciudadanos ecuatorianos.",2017,9,"INEC - Registro Estadístico de Entradas y Salidas Internacionales","Personas","Paz","ODS 5, 10, 16"
1016,"00","Total Nacional","0000","Total Nacional","Ecuador","Desplazamiento y migración","Flujos migratorios","Salida de ecuatorianos","Total","Mujer","74937","No Aplica","Salida de ciudadanos ecuatorianos.",2017,9,"INEC - Registro Estadístico de Entradas y Salidas Internacionales","Personas","Paz","ODS 5, 10, 16"
1016,"00","Total Nacional","0000","Total Nacional","Ecuador","Desplazamiento y migración","Flujos migratorios","Salida de ecuatorianos","Total","Total","143545","No Aplica","Salida de ciudadanos ecuatorianos.",2017,9,"INEC - Registro Estadístico de Entradas y Salidas Internacionales","Personas","Paz","ODS 5, 10, 16"
1016,"00","Total Nacional","0000","Total Nacional","Ecuador","Desplazamiento y migración","Flujos migratorios","Salida de ecuatorianos","Total","Hombre","83037","No Aplica","Salida de ciudadanos ecuatorianos.",2017,8,"INEC - Registro Estadístico de Entradas y Salidas Internacionales","Personas","Paz","ODS 5, 10, 16"
1016,"00","Total Nacional","0000","Total Nacional","Ecuador","Desplazamiento y migración","Flujos migratorios","Salida de ecuatorianos","Total","Mujer","94267","No Aplica","Salida de ciudadanos ecuatorianos.",2017,8,"INEC - Registro Estadístico de Entradas y Salidas Internacionales","Personas","Paz","ODS 5, 10, 16"
1016,"00","Total Nacional","0000","Total Nacional","Ecuador","Desplazamiento y migración","Flujos migratorios","Salida de ecuatorianos","Total","Total","177304","No Aplica","Salida de ciudadanos ecuatorianos.",2017,8,"INEC - Registro Estadístico de Entradas y Salidas Internacionales","Personas","Paz","ODS 5, 10, 16"
1016,"00","Total Nacional","0000","Total Nacional","Ecuador","Desplazamiento y migración","Flujos migratorios","Salida de ecuatorianos","Total","Hombre","63741","No Aplica","Salida de ciudadanos ecuatorianos.",2017,7,"INEC - Registro Estadístico de Entradas y Salidas Internacionales","Personas","Paz","ODS 5, 10, 16"
1016,"00","Total Nacional","0000","Total Nacional","Ecuador","Desplazamiento y migración","Flujos migratorios","Salida de ecuatorianos","Total","Mujer","68086","No Aplica","Salida de ciudadanos ecuatorianos.",2017,7,"INEC - Registro Estadístico de Entradas y Salidas Internacionales","Personas","Paz","ODS 5, 10, 16"
1016,"00","Total Nacional","0000","Total Nacional","Ecuador","Desplazamiento y migración","Flujos migratorios","Salida de ecuatorianos","Total","Total","131827","No Aplica","Salida de ciudadanos ecuatorianos.",2017,7,"INEC - Registro Estadístico de Entradas y Salidas Internacionales","Personas","Paz","ODS 5, 10, 16"
1016,"00","Total Nacional","0000","Total Nacional","Ecuador","Desplazamiento y migración","Flujos migratorios","Salida de ecuatorianos","Total","Hombre","50413","No Aplica","Salida de ciudadanos ecuatorianos.",2017,6,"INEC - Registro Estadístico de Entradas y Salidas Internacionales","Personas","Paz","ODS 5, 10, 16"
1016,"00","Total Nacional","0000","Total Nacional","Ecuador","Desplazamiento y migración","Flujos migratorios","Salida de ecuatorianos","Total","Mujer","51654","No Aplica","Salida de ciudadanos ecuatorianos.",2017,6,"INEC - Registro Estadístico de Entradas y Salidas Internacionales","Personas","Paz","ODS 5, 10, 16"
1016,"00","Total Nacional","0000","Total Nacional","Ecuador","Desplazamiento y migración","Flujos migratorios","Salida de ecuatorianos","Total","Total","102067","No Aplica","Salida de ciudadanos ecuatorianos.",2017,6,"INEC - Registro Estadístico de Entradas y Salidas Internacionales","Personas","Paz","ODS 5, 10, 16"
1016,"00","Total Nacional","0000","Total Nacional","Ecuador","Desplazamiento y migración","Flujos migratorios","Salida de ecuatorianos","Total","Hombre","61022","No Aplica","Salida de ciudadanos ecuatorianos.",2017,5,"INEC - Registro Estadístico de Entradas y Salidas Internacionales","Personas","Paz","ODS 5, 10, 16"
1016,"00","Total Nacional","0000","Total Nacional","Ecuador","Desplazamiento y migración","Flujos migratorios","Salida de ecuatorianos","Total","Mujer","64283","No Aplica","Salida de ciudadanos ecuatorianos.",2017,5,"INEC - Registro Estadístico de Entradas y Salidas Internacionales","Personas","Paz","ODS 5, 10, 16"
1016,"00","Total Nacional","0000","Total Nacional","Ecuador","Desplazamiento y migración","Flujos migratorios","Salida de ecuatorianos","Total","Total","125305","No Aplica","Salida de ciudadanos ecuatorianos.",2017,5,"INEC - Registro Estadístico de Entradas y Salidas Internacionales","Personas","Paz","ODS 5, 10, 16"
1016,"00","Total Nacional","0000","Total Nacional","Ecuador","Desplazamiento y migración","Flujos migratorios","Salida de ecuatorianos","Total","Hombre","65402","No Aplica","Salida de ciudadanos ecuatorianos.",2017,4,"INEC - Registro Estadístico de Entradas y Salidas Internacionales","Personas","Paz","ODS 5, 10, 16"
1016,"00","Total Nacional","0000","Total Nacional","Ecuador","Desplazamiento y migración","Flujos migratorios","Salida de ecuatorianos","Total","Mujer","70303","No Aplica","Salida de ciudadanos ecuatorianos.",2017,4,"INEC - Registro Estadístico de Entradas y Salidas Internacionales","Personas","Paz","ODS 5, 10, 16"
1016,"00","Total Nacional","0000","Total Nacional","Ecuador","Desplazamiento y migración","Flujos migratorios","Salida de ecuatorianos","Total","Total","135705","No Aplica","Salida de ciudadanos ecuatorianos.",2017,4,"INEC - Registro Estadístico de Entradas y Salidas Internacionales","Personas","Paz","ODS 5, 10, 16"
1016,"00","Total Nacional","0000","Total Nacional","Ecuador","Desplazamiento y migración","Flujos migratorios","Salida de ecuatorianos","Total","Hombre","67167","No Aplica","Salida de ciudadanos ecuatorianos.",2017,3,"INEC - Registro Estadístico de Entradas y Salidas Internacionales","Personas","Paz","ODS 5, 10, 16"
1016,"00","Total Nacional","0000","Total Nacional","Ecuador","Desplazamiento y migración","Flujos migratorios","Salida de ecuatorianos","Total","Mujer","69719","No Aplica","Salida de ciudadanos ecuatorianos.",2017,3,"INEC - Registro Estadístico de Entradas y Salidas Internacionales","Personas","Paz","ODS 5, 10, 16"
1016,"00","Total Nacional","0000","Total Nacional","Ecuador","Desplazamiento y migración","Flujos migratorios","Salida de ecuatorianos","Total","Total","136886","No Aplica","Salida de ciudadanos ecuatorianos.",2017,3,"INEC - Registro Estadístico de Entradas y Salidas Internacionales","Personas","Paz","ODS 5, 10, 16"
1016,"00","Total Nacional","0000","Total Nacional","Ecuador","Desplazamiento y migración","Flujos migratorios","Salida de ecuatorianos","Total","Hombre","53315","No Aplica","Salida de ciudadanos ecuatorianos.",2017,2,"INEC - Registro Estadístico de Entradas y Salidas Internacionales","Personas","Paz","ODS 5, 10, 16"
1016,"00","Total Nacional","0000","Total Nacional","Ecuador","Desplazamiento y migración","Flujos migratorios","Salida de ecuatorianos","Total","Mujer","56242","No Aplica","Salida de ciudadanos ecuatorianos.",2017,2,"INEC - Registro Estadístico de Entradas y Salidas Internacionales","Personas","Paz","ODS 5, 10, 16"
1016,"00","Total Nacional","0000","Total Nacional","Ecuador","Desplazamiento y migración","Flujos migratorios","Salida de ecuatorianos","Total","Total","109557","No Aplica","Salida de ciudadanos ecuatorianos.",2017,2,"INEC - Registro Estadístico de Entradas y Salidas Internacionales","Personas","Paz","ODS 5, 10, 16"
1016,"00","Total Nacional","0000","Total Nacional","Ecuador","Desplazamiento y migración","Flujos migratorios","Salida de ecuatorianos","Total","Hombre","56049","No Aplica","Salida de ciudadanos ecuatorianos.",2017,1,"INEC - Registro Estadístico de Entradas y Salidas Internacionales","Personas","Paz","ODS 5, 10, 16"
1016,"00","Total Nacional","0000","Total Nacional","Ecuador","Desplazamiento y migración","Flujos migratorios","Salida de ecuatorianos","Total","Mujer","52828","No Aplica","Salida de ciudadanos ecuatorianos.",2017,1,"INEC - Registro Estadístico de Entradas y Salidas Internacionales","Personas","Paz","ODS 5, 10, 16"
1016,"00","Total Nacional","0000","Total Nacional","Ecuador","Desplazamiento y migración","Flujos migratorios","Salida de ecuatorianos","Total","Total","108877","No Aplica","Salida de ciudadanos ecuatorianos.",2017,1,"INEC - Registro Estadístico de Entradas y Salidas Internacionales","Personas","Paz","ODS 5, 10, 16"
1016,"00","Total Nacional","0000","Total Nacional","Ecuador","Desplazamiento y migración","Flujos migratorios","Salida de ecuatorianos","Total","Hombre","56809","No Aplica","Salida de ciudadanos ecuatorianos.",2016,12,"INEC - Registro Estadístico de Entradas y Salidas Internacionales","Personas","Paz","ODS 5, 10, 16"
1016,"00","Total Nacional","0000","Total Nacional","Ecuador","Desplazamiento y migración","Flujos migratorios","Salida de ecuatorianos","Total","Mujer","58646","No Aplica","Salida de ciudadanos ecuatorianos.",2016,12,"INEC - Registro Estadístico de Entradas y Salidas Internacionales","Personas","Paz","ODS 5, 10, 16"
1016,"00","Total Nacional","0000","Total Nacional","Ecuador","Desplazamiento y migración","Flujos migratorios","Salida de ecuatorianos","Total","Total","115455","No Aplica","Salida de ciudadanos ecuatorianos.",2016,12,"INEC - Registro Estadístico de Entradas y Salidas Internacionales","Personas","Paz","ODS 5, 10, 16"
1016,"00","Total Nacional","0000","Total Nacional","Ecuador","Desplazamiento y migración","Flujos migratorios","Salida de ecuatorianos","Total","Hombre","63463","No Aplica","Salida de ciudadanos ecuatorianos.",2016,11,"INEC - Registro Estadístico de Entradas y Salidas Internacionales","Personas","Paz","ODS 5, 10, 16"
1016,"00","Total Nacional","0000","Total Nacional","Ecuador","Desplazamiento y migración","Flujos migratorios","Salida de ecuatorianos","Total","Mujer","67883","No Aplica","Salida de ciudadanos ecuatorianos.",2016,11,"INEC - Registro Estadístico de Entradas y Salidas Internacionales","Personas","Paz","ODS 5, 10, 16"
1016,"00","Total Nacional","0000","Total Nacional","Ecuador","Desplazamiento y migración","Flujos migratorios","Salida de ecuatorianos","Total","Total","131346","No Aplica","Salida de ciudadanos ecuatorianos.",2016,11,"INEC - Registro Estadístico de Entradas y Salidas Internacionales","Personas","Paz","ODS 5, 10, 16"
1016,"00","Total Nacional","0000","Total Nacional","Ecuador","Desplazamiento y migración","Flujos migratorios","Salida de ecuatorianos","Total","Hombre","69019","No Aplica","Salida de ciudadanos ecuatorianos.",2016,10,"INEC - Registro Estadístico de Entradas y Salidas Internacionales","Personas","Paz","ODS 5, 10, 16"
1016,"00","Total Nacional","0000","Total Nacional","Ecuador","Desplazamiento y migración","Flujos migratorios","Salida de ecuatorianos","Total","Mujer","71462","No Aplica","Salida de ciudadanos ecuatorianos.",2016,10,"INEC - Registro Estadístico de Entradas y Salidas Internacionales","Personas","Paz","ODS 5, 10, 16"
1016,"00","Total Nacional","0000","Total Nacional","Ecuador","Desplazamiento y migración","Flujos migratorios","Salida de ecuatorianos","Total","Total","140481","No Aplica","Salida de ciudadanos ecuatorianos.",2016,10,"INEC - Registro Estadístico de Entradas y Salidas Internacionales","Personas","Paz","ODS 5, 10, 16"
1016,"00","Total Nacional","0000","Total Nacional","Ecuador","Desplazamiento y migración","Flujos migratorios","Salida de ecuatorianos","Total","Hombre","69463","No Aplica","Salida de ciudadanos ecuatorianos.",2016,9,"INEC - Registro Estadístico de Entradas y Salidas Internacionales","Personas","Paz","ODS 5, 10, 16"
1016,"00","Total Nacional","0000","Total Nacional","Ecuador","Desplazamiento y migración","Flujos migratorios","Salida de ecuatorianos","Total","Mujer","72196","No Aplica","Salida de ciudadanos ecuatorianos.",2016,9,"INEC - Registro Estadístico de Entradas y Salidas Internacionales","Personas","Paz","ODS 5, 10, 16"
1016,"00","Total Nacional","0000","Total Nacional","Ecuador","Desplazamiento y migración","Flujos migratorios","Salida de ecuatorianos","Total","Total","141659","No Aplica","Salida de ciudadanos ecuatorianos.",2016,9,"INEC - Registro Estadístico de Entradas y Salidas Internacionales","Personas","Paz","ODS 5, 10, 16"
1016,"00","Total Nacional","0000","Total Nacional","Ecuador","Desplazamiento y migración","Flujos migratorios","Salida de ecuatorianos","Total","Hombre","86568","No Aplica","Salida de ciudadanos ecuatorianos.",2016,8,"INEC - Registro Estadístico de Entradas y Salidas Internacionales","Personas","Paz","ODS 5, 10, 16"
1016,"00","Total Nacional","0000","Total Nacional","Ecuador","Desplazamiento y migración","Flujos migratorios","Salida de ecuatorianos","Total","Mujer","92970","No Aplica","Salida de ciudadanos ecuatorianos.",2016,8,"INEC - Registro Estadístico de Entradas y Salidas Internacionales","Personas","Paz","ODS 5, 10, 16"
1016,"00","Total Nacional","0000","Total Nacional","Ecuador","Desplazamiento y migración","Flujos migratorios","Salida de ecuatorianos","Total","Total","179538","No Aplica","Salida de ciudadanos ecuatorianos.",2016,8,"INEC - Registro Estadístico de Entradas y Salidas Internacionales","Personas","Paz","ODS 5, 10, 16"
1016,"00","Total Nacional","0000","Total Nacional","Ecuador","Desplazamiento y migración","Flujos migratorios","Salida de ecuatorianos","Total","Hombre","68223","No Aplica","Salida de ciudadanos ecuatorianos.",2016,7,"INEC - Registro Estadístico de Entradas y Salidas Internacionales","Personas","Paz","ODS 5, 10, 16"
1016,"00","Total Nacional","0000","Total Nacional","Ecuador","Desplazamiento y migración","Flujos migratorios","Salida de ecuatorianos","Total","Mujer","70878","No Aplica","Salida de ciudadanos ecuatorianos.",2016,7,"INEC - Registro Estadístico de Entradas y Salidas Internacionales","Personas","Paz","ODS 5, 10, 16"
1016,"00","Total Nacional","0000","Total Nacional","Ecuador","Desplazamiento y migración","Flujos migratorios","Salida de ecuatorianos","Total","Total","139101","No Aplica","Salida de ciudadanos ecuatorianos.",2016,7,"INEC - Registro Estadístico de Entradas y Salidas Internacionales","Personas","Paz","ODS 5, 10, 16"
1016,"00","Total Nacional","0000","Total Nacional","Ecuador","Desplazamiento y migración","Flujos migratorios","Salida de ecuatorianos","Total","Hombre","49008","No Aplica","Salida de ciudadanos ecuatorianos.",2016,6,"INEC - Registro Estadístico de Entradas y Salidas Internacionales","Personas","Paz","ODS 5, 10, 16"
1016,"00","Total Nacional","0000","Total Nacional","Ecuador","Desplazamiento y migración","Flujos migratorios","Salida de ecuatorianos","Total","Mujer","46489","No Aplica","Salida de ciudadanos ecuatorianos.",2016,6,"INEC - Registro Estadístico de Entradas y Salidas Internacionales","Personas","Paz","ODS 5, 10, 16"
1016,"00","Total Nacional","0000","Total Nacional","Ecuador","Desplazamiento y migración","Flujos migratorios","Salida de ecuatorianos","Total","Total","95497","No Aplica","Salida de ciudadanos ecuatorianos.",2016,6,"INEC - Registro Estadístico de Entradas y Salidas Internacionales","Personas","Paz","ODS 5, 10, 16"
1016,"00","Total Nacional","0000","Total Nacional","Ecuador","Desplazamiento y migración","Flujos migratorios","Salida de ecuatorianos","Total","Hombre","56484","No Aplica","Salida de ciudadanos ecuatorianos.",2016,5,"INEC - Registro Estadístico de Entradas y Salidas Internacionales","Personas","Paz","ODS 5, 10, 16"
1016,"00","Total Nacional","0000","Total Nacional","Ecuador","Desplazamiento y migración","Flujos migratorios","Salida de ecuatorianos","Total","Mujer","55801","No Aplica","Salida de ciudadanos ecuatorianos.",2016,5,"INEC - Registro Estadístico de Entradas y Salidas Internacionales","Personas","Paz","ODS 5, 10, 16"
1016,"00","Total Nacional","0000","Total Nacional","Ecuador","Desplazamiento y migración","Flujos migratorios","Salida de ecuatorianos","Total","Total","112285","No Aplica","Salida de ciudadanos ecuatorianos.",2016,5,"INEC - Registro Estadístico de Entradas y Salidas Internacionales","Personas","Paz","ODS 5, 10, 16"
1016,"00","Total Nacional","0000","Total Nacional","Ecuador","Desplazamiento y migración","Flujos migratorios","Salida de ecuatorianos","Total","Hombre","61666","No Aplica","Salida de ciudadanos ecuatorianos.",2016,4,"INEC - Registro Estadístico de Entradas y Salidas Internacionales","Personas","Paz","ODS 5, 10, 16"
1016,"00","Total Nacional","0000","Total Nacional","Ecuador","Desplazamiento y migración","Flujos migratorios","Salida de ecuatorianos","Total","Mujer","64332","No Aplica","Salida de ciudadanos ecuatorianos.",2016,4,"INEC - Registro Estadístico de Entradas y Salidas Internacionales","Personas","Paz","ODS 5, 10, 16"
1016,"00","Total Nacional","0000","Total Nacional","Ecuador","Desplazamiento y migración","Flujos migratorios","Salida de ecuatorianos","Total","Total","125998","No Aplica","Salida de ciudadanos ecuatorianos.",2016,4,"INEC - Registro Estadístico de Entradas y Salidas Internacionales","Personas","Paz","ODS 5, 10, 16"
1016,"00","Total Nacional","0000","Total Nacional","Ecuador","Desplazamiento y migración","Flujos migratorios","Salida de ecuatorianos","Total","Hombre","69979","No Aplica","Salida de ciudadanos ecuatorianos.",2016,3,"INEC - Registro Estadístico de Entradas y Salidas Internacionales","Personas","Paz","ODS 5, 10, 16"
1016,"00","Total Nacional","0000","Total Nacional","Ecuador","Desplazamiento y migración","Flujos migratorios","Salida de ecuatorianos","Total","Mujer","71033","No Aplica","Salida de ciudadanos ecuatorianos.",2016,3,"INEC - Registro Estadístico de Entradas y Salidas Internacionales","Personas","Paz","ODS 5, 10, 16"
1016,"00","Total Nacional","0000","Total Nacional","Ecuador","Desplazamiento y migración","Flujos migratorios","Salida de ecuatorianos","Total","Total","141012","No Aplica","Salida de ciudadanos ecuatorianos.",2016,3,"INEC - Registro Estadístico de Entradas y Salidas Internacionales","Personas","Paz","ODS 5, 10, 16"
1016,"00","Total Nacional","0000","Total Nacional","Ecuador","Desplazamiento y migración","Flujos migratorios","Salida de ecuatorianos","Total","Hombre","62516","No Aplica","Salida de ciudadanos ecuatorianos.",2016,2,"INEC - Registro Estadístico de Entradas y Salidas Internacionales","Personas","Paz","ODS 5, 10, 16"
1016,"00","Total Nacional","0000","Total Nacional","Ecuador","Desplazamiento y migración","Flujos migratorios","Salida de ecuatorianos","Total","Mujer","64071","No Aplica","Salida de ciudadanos ecuatorianos.",2016,2,"INEC - Registro Estadístico de Entradas y Salidas Internacionales","Personas","Paz","ODS 5, 10, 16"
1016,"00","Total Nacional","0000","Total Nacional","Ecuador","Desplazamiento y migración","Flujos migratorios","Salida de ecuatorianos","Total","Total","126587","No Aplica","Salida de ciudadanos ecuatorianos.",2016,2,"INEC - Registro Estadístico de Entradas y Salidas Internacionales","Personas","Paz","ODS 5, 10, 16"
1016,"00","Total Nacional","0000","Total Nacional","Ecuador","Desplazamiento y migración","Flujos migratorios","Salida de ecuatorianos","Total","Hombre","52712","No Aplica","Salida de ciudadanos ecuatorianos.",2016,1,"INEC - Registro Estadístico de Entradas y Salidas Internacionales","Personas","Paz","ODS 5, 10, 16"
1016,"00","Total Nacional","0000","Total Nacional","Ecuador","Desplazamiento y migración","Flujos migratorios","Salida de ecuatorianos","Total","Mujer","49227","No Aplica","Salida de ciudadanos ecuatorianos.",2016,1,"INEC - Registro Estadístico de Entradas y Salidas Internacionales","Personas","Paz","ODS 5, 10, 16"
1016,"00","Total Nacional","0000","Total Nacional","Ecuador","Desplazamiento y migración","Flujos migratorios","Salida de ecuatorianos","Total","Total","101939","No Aplica","Salida de ciudadanos ecuatorianos.",2016,1,"INEC - Registro Estadístico de Entradas y Salidas Internacionales","Personas","Paz","ODS 5, 10, 16"
1016,"00","Total Nacional","0000","Total Nacional","Ecuador","Desplazamiento y migración","Flujos migratorios","Salida de ecuatorianos","Total","Hombre","54729","No Aplica","Salida de ciudadanos ecuatorianos.",2015,12,"INEC - Registro Estadístico de Entradas y Salidas Internacionales","Personas","Paz","ODS 5, 10, 16"
1016,"00","Total Nacional","0000","Total Nacional","Ecuador","Desplazamiento y migración","Flujos migratorios","Salida de ecuatorianos","Total","Mujer","54020","No Aplica","Salida de ciudadanos ecuatorianos.",2015,12,"INEC - Registro Estadístico de Entradas y Salidas Internacionales","Personas","Paz","ODS 5, 10, 16"
1016,"00","Total Nacional","0000","Total Nacional","Ecuador","Desplazamiento y migración","Flujos migratorios","Salida de ecuatorianos","Total","Total","108749","No Aplica","Salida de ciudadanos ecuatorianos.",2015,12,"INEC - Registro Estadístico de Entradas y Salidas Internacionales","Personas","Paz","ODS 5, 10, 16"
1016,"00","Total Nacional","0000","Total Nacional","Ecuador","Desplazamiento y migración","Flujos migratorios","Salida de ecuatorianos","Total","Hombre","56062","No Aplica","Salida de ciudadanos ecuatorianos.",2015,11,"INEC - Registro Estadístico de Entradas y Salidas Internacionales","Personas","Paz","ODS 5, 10, 16"
1016,"00","Total Nacional","0000","Total Nacional","Ecuador","Desplazamiento y migración","Flujos migratorios","Salida de ecuatorianos","Total","Mujer","56950","No Aplica","Salida de ciudadanos ecuatorianos.",2015,11,"INEC - Registro Estadístico de Entradas y Salidas Internacionales","Personas","Paz","ODS 5, 10, 16"
1016,"00","Total Nacional","0000","Total Nacional","Ecuador","Desplazamiento y migración","Flujos migratorios","Salida de ecuatorianos","Total","Total","113012","No Aplica","Salida de ciudadanos ecuatorianos.",2015,11,"INEC - Registro Estadístico de Entradas y Salidas Internacionales","Personas","Paz","ODS 5, 10, 16"
1016,"00","Total Nacional","0000","Total Nacional","Ecuador","Desplazamiento y migración","Flujos migratorios","Salida de ecuatorianos","Total","Hombre","68168","No Aplica","Salida de ciudadanos ecuatorianos.",2015,10,"INEC - Registro Estadístico de Entradas y Salidas Internacionales","Personas","Paz","ODS 5, 10, 16"
1016,"00","Total Nacional","0000","Total Nacional","Ecuador","Desplazamiento y migración","Flujos migratorios","Salida de ecuatorianos","Total","Mujer","71129","No Aplica","Salida de ciudadanos ecuatorianos.",2015,10,"INEC - Registro Estadístico de Entradas y Salidas Internacionales","Personas","Paz","ODS 5, 10, 16"
1016,"00","Total Nacional","0000","Total Nacional","Ecuador","Desplazamiento y migración","Flujos migratorios","Salida de ecuatorianos","Total","Total","139297","No Aplica","Salida de ciudadanos ecuatorianos.",2015,10,"INEC - Registro Estadístico de Entradas y Salidas Internacionales","Personas","Paz","ODS 5, 10, 16"
1016,"00","Total Nacional","0000","Total Nacional","Ecuador","Desplazamiento y migración","Flujos migratorios","Salida de ecuatorianos","Total","Hombre","63147","No Aplica","Salida de ciudadanos ecuatorianos.",2015,9,"INEC - Registro Estadístico de Entradas y Salidas Internacionales","Personas","Paz","ODS 5, 10, 16"
1016,"00","Total Nacional","0000","Total Nacional","Ecuador","Desplazamiento y migración","Flujos migratorios","Salida de ecuatorianos","Total","Mujer","65047","No Aplica","Salida de ciudadanos ecuatorianos.",2015,9,"INEC - Registro Estadístico de Entradas y Salidas Internacionales","Personas","Paz","ODS 5, 10, 16"
1016,"00","Total Nacional","0000","Total Nacional","Ecuador","Desplazamiento y migración","Flujos migratorios","Salida de ecuatorianos","Total","Total","128194","No Aplica","Salida de ciudadanos ecuatorianos.",2015,9,"INEC - Registro Estadístico de Entradas y Salidas Internacionales","Personas","Paz","ODS 5, 10, 16"
1016,"00","Total Nacional","0000","Total Nacional","Ecuador","Desplazamiento y migración","Flujos migratorios","Salida de ecuatorianos","Total","Hombre","75922","No Aplica","Salida de ciudadanos ecuatorianos.",2015,8,"INEC - Registro Estadístico de Entradas y Salidas Internacionales","Personas","Paz","ODS 5, 10, 16"
1016,"00","Total Nacional","0000","Total Nacional","Ecuador","Desplazamiento y migración","Flujos migratorios","Salida de ecuatorianos","Total","Mujer","81318","No Aplica","Salida de ciudadanos ecuatorianos.",2015,8,"INEC - Registro Estadístico de Entradas y Salidas Internacionales","Personas","Paz","ODS 5, 10, 16"
1016,"00","Total Nacional","0000","Total Nacional","Ecuador","Desplazamiento y migración","Flujos migratorios","Salida de ecuatorianos","Total","Total","157240","No Aplica","Salida de ciudadanos ecuatorianos.",2015,8,"INEC - Registro Estadístico de Entradas y Salidas Internacionales","Personas","Paz","ODS 5, 10, 16"
1016,"00","Total Nacional","0000","Total Nacional","Ecuador","Desplazamiento y migración","Flujos migratorios","Salida de ecuatorianos","Total","Hombre","59566","No Aplica","Salida de ciudadanos ecuatorianos.",2015,7,"INEC - Registro Estadístico de Entradas y Salidas Internacionales","Personas","Paz","ODS 5, 10, 16"
1016,"00","Total Nacional","0000","Total Nacional","Ecuador","Desplazamiento y migración","Flujos migratorios","Salida de ecuatorianos","Total","Mujer","62351","No Aplica","Salida de ciudadanos ecuatorianos.",2015,7,"INEC - Registro Estadístico de Entradas y Salidas Internacionales","Personas","Paz","ODS 5, 10, 16"
1016,"00","Total Nacional","0000","Total Nacional","Ecuador","Desplazamiento y migración","Flujos migratorios","Salida de ecuatorianos","Total","Total","121917","No Aplica","Salida de ciudadanos ecuatorianos.",2015,7,"INEC - Registro Estadístico de Entradas y Salidas Internacionales","Personas","Paz","ODS 5, 10, 16"
1016,"00","Total Nacional","0000","Total Nacional","Ecuador","Desplazamiento y migración","Flujos migratorios","Salida de ecuatorianos","Total","Hombre","45844","No Aplica","Salida de ciudadanos ecuatorianos.",2015,6,"INEC - Registro Estadístico de Entradas y Salidas Internacionales","Personas","Paz","ODS 5, 10, 16"
1016,"00","Total Nacional","0000","Total Nacional","Ecuador","Desplazamiento y migración","Flujos migratorios","Salida de ecuatorianos","Total","Mujer","43263","No Aplica","Salida de ciudadanos ecuatorianos.",2015,6,"INEC - Registro Estadístico de Entradas y Salidas Internacionales","Personas","Paz","ODS 5, 10, 16"
1016,"00","Total Nacional","0000","Total Nacional","Ecuador","Desplazamiento y migración","Flujos migratorios","Salida de ecuatorianos","Total","Total","89107","No Aplica","Salida de ciudadanos ecuatorianos.",2015,6,"INEC - Registro Estadístico de Entradas y Salidas Internacionales","Personas","Paz","ODS 5, 10, 16"
1016,"00","Total Nacional","0000","Total Nacional","Ecuador","Desplazamiento y migración","Flujos migratorios","Salida de ecuatorianos","Total","Hombre","52728","No Aplica","Salida de ciudadanos ecuatorianos.",2015,5,"INEC - Registro Estadístico de Entradas y Salidas Internacionales","Personas","Paz","ODS 5, 10, 16"
1016,"00","Total Nacional","0000","Total Nacional","Ecuador","Desplazamiento y migración","Flujos migratorios","Salida de ecuatorianos","Total","Mujer","52145","No Aplica","Salida de ciudadanos ecuatorianos.",2015,5,"INEC - Registro Estadístico de Entradas y Salidas Internacionales","Personas","Paz","ODS 5, 10, 16"
1016,"00","Total Nacional","0000","Total Nacional","Ecuador","Desplazamiento y migración","Flujos migratorios","Salida de ecuatorianos","Total","Total","104873","No Aplica","Salida de ciudadanos ecuatorianos.",2015,5,"INEC - Registro Estadístico de Entradas y Salidas Internacionales","Personas","Paz","ODS 5, 10, 16"
1016,"00","Total Nacional","0000","Total Nacional","Ecuador","Desplazamiento y migración","Flujos migratorios","Salida de ecuatorianos","Total","Hombre","59288","No Aplica","Salida de ciudadanos ecuatorianos.",2015,4,"INEC - Registro Estadístico de Entradas y Salidas Internacionales","Personas","Paz","ODS 5, 10, 16"
1016,"00","Total Nacional","0000","Total Nacional","Ecuador","Desplazamiento y migración","Flujos migratorios","Salida de ecuatorianos","Total","Mujer","61231","No Aplica","Salida de ciudadanos ecuatorianos.",2015,4,"INEC - Registro Estadístico de Entradas y Salidas Internacionales","Personas","Paz","ODS 5, 10, 16"
1016,"00","Total Nacional","0000","Total Nacional","Ecuador","Desplazamiento y migración","Flujos migratorios","Salida de ecuatorianos","Total","Total","120519","No Aplica","Salida de ciudadanos ecuatorianos.",2015,4,"INEC - Registro Estadístico de Entradas y Salidas Internacionales","Personas","Paz","ODS 5, 10, 16"
1016,"00","Total Nacional","0000","Total Nacional","Ecuador","Desplazamiento y migración","Flujos migratorios","Salida de ecuatorianos","Total","Hombre","59341","No Aplica","Salida de ciudadanos ecuatorianos.",2015,3,"INEC - Registro Estadístico de Entradas y Salidas Internacionales","Personas","Paz","ODS 5, 10, 16"
1016,"00","Total Nacional","0000","Total Nacional","Ecuador","Desplazamiento y migración","Flujos migratorios","Salida de ecuatorianos","Total","Mujer","58050","No Aplica","Salida de ciudadanos ecuatorianos.",2015,3,"INEC - Registro Estadístico de Entradas y Salidas Internacionales","Personas","Paz","ODS 5, 10, 16"
1016,"00","Total Nacional","0000","Total Nacional","Ecuador","Desplazamiento y migración","Flujos migratorios","Salida de ecuatorianos","Total","Total","117391","No Aplica","Salida de ciudadanos ecuatorianos.",2015,3,"INEC - Registro Estadístico de Entradas y Salidas Internacionales","Personas","Paz","ODS 5, 10, 16"
1016,"00","Total Nacional","0000","Total Nacional","Ecuador","Desplazamiento y migración","Flujos migratorios","Salida de ecuatorianos","Total","Hombre","53383","No Aplica","Salida de ciudadanos ecuatorianos.",2015,2,"INEC - Registro Estadístico de Entradas y Salidas Internacionales","Personas","Paz","ODS 5, 10, 16"
1016,"00","Total Nacional","0000","Total Nacional","Ecuador","Desplazamiento y migración","Flujos migratorios","Salida de ecuatorianos","Total","Mujer","53033","No Aplica","Salida de ciudadanos ecuatorianos.",2015,2,"INEC - Registro Estadístico de Entradas y Salidas Internacionales","Personas","Paz","ODS 5, 10, 16"
1016,"00","Total Nacional","0000","Total Nacional","Ecuador","Desplazamiento y migración","Flujos migratorios","Salida de ecuatorianos","Total","Total","106416","No Aplica","Salida de ciudadanos ecuatorianos.",2015,2,"INEC - Registro Estadístico de Entradas y Salidas Internacionales","Personas","Paz","ODS 5, 10, 16"
1016,"00","Total Nacional","0000","Total Nacional","Ecuador","Desplazamiento y migración","Flujos migratorios","Salida de ecuatorianos","Total","Hombre","48120","No Aplica","Salida de ciudadanos ecuatorianos.",2015,1,"INEC - Registro Estadístico de Entradas y Salidas Internacionales","Personas","Paz","ODS 5, 10, 16"
1016,"00","Total Nacional","0000","Total Nacional","Ecuador","Desplazamiento y migración","Flujos migratorios","Salida de ecuatorianos","Total","Mujer","43332","No Aplica","Salida de ciudadanos ecuatorianos.",2015,1,"INEC - Registro Estadístico de Entradas y Salidas Internacionales","Personas","Paz","ODS 5, 10, 16"
1016,"00","Total Nacional","0000","Total Nacional","Ecuador","Desplazamiento y migración","Flujos migratorios","Salida de ecuatorianos","Total","Total","91452","No Aplica","Salida de ciudadanos ecuatorianos.",2015,1,"INEC - Registro Estadístico de Entradas y Salidas Internacionales","Personas","Paz","ODS 5, 10, 16"
